Date,weighted_open,weighted_high,weighted_low,weighted_close
2019-10-02,17.21934888763718,17.406728799446277,16.805047392004976,17.022019758178132
2019-10-01,17.046089117792114,17.495534207265766,16.840918993092064,17.046436315790057
2019-09-30,17.390871342278327,17.44008568610888,16.101567859019042,17.174350061314815
2019-09-29,17.73756683706474,18.151210499461673,17.048151511248328,17.40270524416029
2019-09-28,17.29912965957591,17.811111366210827,17.210514098843486,17.74219037279096
2019-09-27,16.576082813953015,17.2946427885084,16.487493159876255,17.274955999842206
2019-09-26,17.08589749073939,17.302421991436894,16.05247034700448,16.583941087880014
2019-09-25,17.49509410158002,17.740398368464284,16.474635256229927,17.033924866828198
2019-09-24,20.310185712054928,20.64394233359122,17.51251034318658,17.512513631079912
2019-09-23,21.87776071305415,21.887593309772285,20.324124166164175,20.32412417097275
2019-09-22,21.99701423570874,22.026423387510853,21.61471632580097,21.800966554510318
2019-09-21,22.668395229135825,22.82532968692476,21.932969721166412,22.001745415614835
2019-09-20,23.047445309371,23.11626951021264,22.28116598278722,22.72330510680691
2019-09-19,22.712892002859657,23.15669927797692,21.8154238722266,23.146832787474203
2019-09-18,22.03072551707579,22.86895927544036,21.71514487675105,22.730877726568792
2019-09-17,21.652802115004942,22.243867663350393,21.426227956225272,21.958187041343486
2019-09-16,22.440933250191524,22.56899849114074,21.485379614232425,21.652848361220126
2019-09-15,22.868681078138255,22.99682404589873,22.37582317144766,22.523680342213456
2019-09-14,22.859068042876412,23.01678470590924,22.632317085131817,22.859034613047733
2019-09-13,22.954519671399403,23.111635159674673,22.473440114009417,22.768005443635612
2019-09-12,22.231941098777263,23.008380070060774,21.720827689425754,22.99851476034596
2019-09-11,22.52989264376173,22.70644367274237,21.71580314314655,22.18660146663689
2019-09-10,23.750286384826513,23.809153713730204,22.327833053114226,22.484797801058512
2019-09-09,24.461276404805293,24.63803207476829,23.665870131976902,23.754248144182313
2019-09-08,23.89787075497487,24.870296140190955,23.8978703977012,24.487224222982718
2019-09-07,23.568020661667763,24.245928436682323,23.381363904515926,23.941382983853615
2019-09-06,24.37087739387513,24.89381177068791,23.49273955066364,23.670339856571488
2019-09-05,24.504289543925147,24.612758812698434,24.11971805071831,24.356377580670223
2019-09-04,25.24616902827441,25.265892884948627,24.398059590576914,24.506539519847653
2019-09-03,24.54455646607419,25.560663072078835,24.248594565384806,25.244973578719605
2019-09-02,23.65649064225971,24.691885318094744,23.222604150100196,24.54396548554373
2019-09-01,22.51567046689392,23.80481154912128,22.495985937003343,23.607997429343605
2019-08-31,22.637743204312457,22.86451336601812,22.302517065388162,22.549007251138356
2019-08-30,22.34273549203572,22.776573939682258,22.11593715817327,22.618793780498454
2019-08-29,22.667529080046407,22.71654081183395,21.697731709733926,22.197363907984364
2019-08-28,23.80029254396084,24.115265318320308,22.67815392692925,22.796269105285948
2019-08-27,24.257012714003473,24.34461848123179,23.410143804280477,23.546422494376493
2019-08-26,23.86967528760648,24.316921116064634,23.723816929961664,24.248846146603725
2019-08-25,23.975774477627787,24.45179601597962,23.781482254091422,23.86891332638733
2019-08-24,24.41918649575731,24.700868082772608,23.690701812206598,23.94324514701824
2019-08-23,24.1032546605804,25.405593348646963,24.064377864865655,24.443424114109025
2019-08-22,24.160585996709788,25.72594092521536,23.188344059486123,24.11198579124739
2019-08-21,25.722226885976788,25.8098163220233,23.532498441754857,24.184548622875834
2019-08-20,25.836287189973763,26.1380622424202,25.26185817772406,25.7291346794764
2019-08-19,24.939575393518425,25.76228675006376,24.85247463259262,25.704220993731273
2019-08-18,24.671869649586526,25.25650098423769,24.428147887227155,25.110221563599858
2019-08-17,24.67800377174574,25.20172495051761,24.193058671291503,24.552032565428604
2019-08-16,24.641529139371098,24.923427416440045,23.592032403763906,24.719282751529214
2019-08-15,25.14653180344765,25.49635251836296,23.251818623006386,24.64129112870636
2019-08-14,25.604951662561522,25.78993024796738,24.426920483225274,25.19603810227445
2019-08-13,26.619288974602295,26.78475562394698,25.392940994771433,25.58759774303844
2019-08-12,27.07236997493603,27.17946567044383,26.54668779443105,26.614849842420977
2019-08-11,26.44401971191709,27.261560100624674,25.986566111212017,27.057160608834995
2019-08-10,26.2974089113908,27.075480355268393,25.704152012089587,26.42381387451914
2019-08-09,26.767558157511303,26.806425659839494,25.56275953271614,26.27201336519733
2019-08-08,29.31991695127755,29.319919595979066,25.969408765283177,26.746339212155977
2019-08-07,30.17026396261539,31.6303357151703,29.34302835773693,29.36262883858479
2019-08-06,30.456564276455577,32.07189657280901,29.898536428163844,30.36845157157018
2019-08-05,27.817472894983055,31.282365654434113,27.81741336078967,30.43076317320672
2019-08-04,27.447454597584237,27.798587943787822,26.95976835228672,27.691295903606324
2019-08-03,27.664122907326078,28.1224385828176,27.25457974407853,27.439863375049292
2019-08-02,27.158016222662518,27.675128883472997,26.680024480330157,27.675126716281664
2019-08-01,26.254358236054337,27.21189061257016,25.961207812688702,27.19233341148525
2019-07-31,24.583809049366245,26.242986024861324,24.554498447863594,26.242833723694318
2019-07-30,24.904861094301193,25.17747183627083,24.42779841695483,24.53490339803097
2019-07-29,25.157444726096895,25.49832558133088,24.738637727935362,24.91395482255609
2019-07-28,24.99608404017708,25.307800631221536,24.31420438030858,25.15194045011578
2019-07-27,26.021257603148214,27.32626628732203,24.85263221413574,24.99871227080448
2019-07-26,26.342236530492798,26.342245799097928,25.689526608693697,26.030497247817806
2019-07-25,26.689509752640134,27.26440684952924,26.172942000047595,26.367824970660447
2019-07-24,27.217348929115627,27.227069092716658,26.07036438970926,26.643857154566412
2019-07-23,28.075738405156866,28.114673403803703,26.947678804544115,27.22969380705171
2019-07-22,28.837189079399536,28.944235972094486,27.630794615989892,28.068605766044474
2019-07-21,29.01333761414765,29.49039209351844,27.961851966376763,28.886760807487033
2019-07-20,28.091528707253637,29.473884625829104,27.935787863638364,28.977456868077105
2019-07-19,28.48585925214022,28.846807103535166,27.52976010672961,28.15410354691773
2019-07-18,27.188346049730036,28.91259933826506,25.71740928196797,28.445017498057872
2019-07-17,25.599432609910686,28.414526715465858,25.25837543506488,27.177347326805585
2019-07-16,29.246788048147828,29.45079238701256,25.468358105115215,25.46837167207114
2019-07-15,27.415860351808966,29.734603051570808,26.34872025630738,29.29804285394434
2019-07-14,29.966290606888283,30.500873770829287,27.254379385776197,27.62375454818767
2019-07-13,30.48743410348772,30.74914887726185,28.830603334506456,29.886791640711984
2019-07-12,29.320336126965884,31.25820085612342,28.806634299595192,30.48287322951675
2019-07-11,31.42684558597252,31.513889481055486,28.47519709090595,29.00595100526064
2019-07-10,32.39704343555785,34.68497951329124,30.681229506963533,31.582762074716868
2019-07-09,31.437521106804624,32.95992925537413,31.24354866136326,32.37806725489084
2019-07-08,30.64562400017737,31.59458740350315,29.687056588759997,31.410608654924534
2019-07-07,29.216825796659492,31.06704381736413,29.06182074311758,30.689246504732665
2019-07-06,28.694757574561944,30.155140942753444,28.675411506854566,29.236372641047808
2019-07-05,29.549633363389106,29.791692779108278,28.33975818021306,28.736657374470855
2019-07-04,31.00540235713523,31.306531670893445,29.674651689553613,29.69409363131785
2019-07-03,28.401082254909838,31.035331272673645,28.400932638917563,31.034964985475607
2019-07-02,28.515469386187714,28.709056477120765,25.63110182923608,28.27348158605718
2019-07-01,29.49212401925931,30.59520317617155,27.198973813921146,28.495528336199282
2019-06-30,33.95949044611767,34.6183083590504,29.192397583018742,29.570247583314526
2019-06-29,32.75246300325325,34.223969728770044,31.077522280448076,33.95282456178928
2019-06-28,29.954931234533507,32.765523906074606,29.472049585387293,32.66889528081519
2019-06-27,33.719940718088914,35.77666103777361,28.350710783550284,29.905394210411007
2019-06-26,30.836493606064145,36.0733293595212,30.509784431049063,33.53658698819133
2019-06-25,31.227685911953248,31.50609502830599,29.7978015261112,30.805486514067347
2019-06-24,33.0199871725779,33.24033677580589,30.864291206256553,31.2479270825304
2019-06-23,29.627939650627734,33.19930787470193,28.667913403742276,33.093642881626174
2019-06-22,28.571910436524746,29.987931162088902,27.778261855083297,29.50019857580767
2019-06-21,28.31601774472652,28.89453894978935,27.901243155466343,28.807498530174723
2019-06-20,27.239841976058162,28.10135328974304,26.19636095191175,28.101098256689585
2019-06-19,27.545461334553423,27.860379478075032,26.715708532618105,27.144950125815285
2019-06-18,27.882514857157528,28.31275021065088,27.30914908901797,27.58627279135069
2019-06-17,26.75021567868937,28.27823638179362,26.654425051509797,27.88636529789114
2019-06-16,26.441691543634118,28.219030515287404,26.11854501260927,26.60331257125977
2019-06-15,25.490744365559344,26.57456878266032,25.19598960494041,26.460455749400957
2019-06-14,26.684225753321797,26.836505874092847,23.734235818408457,25.43263281505785
2019-06-13,26.9369689994902,27.281328902548488,26.592198085813784,26.898282272992994
2019-06-12,26.528964848398147,27.189660830373995,26.12330341940257,26.576414449707276
2019-06-11,26.179720931237526,26.81466297998249,25.374639698991956,26.634474451918425
2019-06-10,25.445186544043448,26.282290941836322,24.788846025935932,26.28223415180665
2019-06-09,25.250506229930718,26.21103875568502,24.68927581438406,25.488228099182855
2019-06-08,25.58371117772805,26.17302052261299,24.69987903402714,25.232184515777984
2019-06-07,24.396036467509884,25.728585356044764,24.129351210613056,25.623755730180854
2019-06-06,24.780869767775314,24.998857093624387,23.283545357902373,24.344968749819998
2019-06-05,24.03246979061905,25.19626563411954,24.02292979737699,24.72312805144297
2019-06-04,25.39207894505852,25.410994726571374,23.577560362043513,23.993505194814308
2019-06-03,27.560512776262456,27.60783320615817,25.364648117339925,25.449951358684395
2019-06-02,26.89347762878896,27.784400631172712,26.855529400962183,27.623249238030198
2019-06-01,26.91498262166667,27.828978583190985,26.810237588525755,27.019704109821884
2019-05-31,26.44153292647469,27.069893487817673,25.841914565946666,26.860360267029115
2019-05-30,27.02554714831796,30.034606106934007,26.092270392461753,26.454133345115938
2019-05-29,26.828211865675225,27.207992596564946,26.002131961300133,26.91353023363788
2019-05-28,27.616422594327904,27.616603628887397,26.33594963427296,26.618578697775696
2019-05-27,27.046126066954432,28.33217745063629,26.582601378676635,27.71734171325236
2019-05-26,26.50094224163055,26.924919263402174,25.710143456964015,26.924858314034495
2019-05-25,26.51072164715203,27.17705582955543,26.396482633974617,26.805789908506163
2019-05-24,26.24621175093525,27.4638213472491,25.865655397463822,26.49350117349206
2019-05-23,26.863732775621447,26.863869803710166,24.48813895091188,26.208208976841306
2019-05-22,28.164535628853805,28.355140821880443,26.782794317834142,26.878082502483803
2019-05-21,27.75260483149416,28.318377354214434,27.271522190854494,27.903368573087203
2019-05-20,28.519035355964444,28.528619293304434,26.542969885203384,27.719435039776037
2019-05-19,27.3382115753221,30.350549104734075,27.290781207370724,28.664491273503888
2019-05-18,27.114849654165777,27.81619570846929,26.934698618609033,27.399089907572193
2019-05-17,29.240450123434613,29.25950781030328,25.663419599073087,27.073545018111712
2019-05-16,31.69383142085708,33.29185835587685,29.058944875516215,29.363464321947845
2019-05-15,27.113977778842546,32.17782667475043,27.113939089734753,31.75964631221108
2019-05-14,27.414092813153307,38.09100420700828,25.219472271847227,27.25182996101171
2019-05-13,25.53550551572908,27.957342305745776,25.287352014191576,27.34689552361661
2019-05-12,27.656185723073985,28.14913172891078,25.10677095584134,25.381757642139362
2019-05-11,24.410493787734893,28.934313439527916,24.010461937270744,27.820038830885192
2019-05-10,24.320642742799937,24.87091226906494,24.235184690490502,24.32066274742378
2019-05-09,24.22284567394149,24.725808421693934,24.042429159636455,24.393738195027705
2019-05-08,24.228704215842075,24.45697346435859,23.7535942115593,24.25740296518318
2019-05-07,24.71303088264125,25.732875253895575,24.312687715740417,24.31273516437466
2019-05-06,25.067682917600102,25.16299344954516,23.742713863426737,24.68628508287544
2019-05-05,24.991827838935198,25.2678284682673,24.14549076354528,24.94443421065045
2019-05-04,25.021551860776075,25.583952760802152,24.315953322818434,25.021405986354797
2019-05-03,23.58425585422016,25.323758447263266,23.43163397864394,24.952868839694318
2019-05-02,22.950894999798702,23.54714382354124,22.922333070861672,23.424157825384295
2019-05-01,22.4064486251571,23.089446967142365,22.377711377580777,23.089164445884098
2019-04-30,21.840878628786903,22.511021752771022,21.510559765835595,22.293932950795288
2019-04-29,22.910750026842262,23.071559438409793,21.68156840968678,21.870707018227904
2019-04-28,21.991334399133557,23.176186171392533,21.934220346245617,22.901290744752302
2019-04-27,21.70736241342049,22.14291026920099,21.51803464406159,21.934609552001362
2019-04-26,21.828869320042237,22.595973799007684,21.34585594826952,21.696295027932557
2019-04-25,23.815601758496317,23.91956662819095,21.480951851918082,21.783371502050827
2019-04-24,23.6645302184763,24.559691001817743,22.59147974293177,23.73138532429831
2019-04-23,24.39851477955924,25.09262400282332,23.827974469390703,23.942132721353783
2019-04-22,24.226674392357577,24.550410336797405,23.988335977630257,24.445304223518818
2019-04-21,24.224718313354394,24.518523701744343,23.62788221519001,24.149005042580846
2019-04-20,23.746624128697434,24.248460075025438,23.66137732490058,24.17265320001983
2019-04-19,23.71206099177947,24.195204042703033,23.475492804601743,23.684145251804125
2019-04-18,23.567747562151503,24.04312593334794,23.03533238123581,23.824401635695967
2019-04-17,23.39327983319279,23.650206095899204,23.08883764132539,23.593090759603637
2019-04-16,22.95969966994069,23.463417924998026,22.170984936752344,23.38739551118704
2019-04-15,24.044984163611527,24.407011194068946,22.739906461357897,22.9780777347031
2019-04-14,23.299031616228465,24.463095166407633,23.24177292360235,24.08143742261285
2019-04-13,22.991194765222275,23.58561690006747,22.914480927772217,23.4130444695615
2019-04-12,22.973931692042598,23.242280907845718,22.20716593189622,23.04098920572085
2019-04-11,24.566283931450926,24.575895297916563,21.635625245890736,22.966875382666345
2019-04-10,24.31305506441301,24.802034220705135,23.967803668365498,24.600552774363173
2019-04-09,24.75832879238855,24.77739690252346,24.100773392995922,24.215126817685153
2019-04-08,24.58303052304148,25.535646170670187,24.15442732378529,24.74497435289014
2019-04-07,23.83798872574136,24.8193958638758,23.78080381605945,24.552628594266427
2019-04-06,24.357450529971402,25.110542805967473,23.642306366027526,23.871126561694958
2019-04-05,22.297605666093737,24.32389910638384,22.22147188334651,24.26679883858206
2019-04-04,22.74615434204215,23.079160960674624,21.861782024415987,22.27068372387174
2019-04-03,22.01159855542876,23.98750144788259,21.982834067720162,22.70482118854786
2019-04-02,18.886801512932948,21.935620899078728,18.85846217470047,21.860062276766836
2019-04-01,19.169908499795785,19.406584474557306,18.84835294863551,18.924181233794286
2019-03-31,18.431839932611354,19.305891816134665,18.37463957165756,19.248791123647784
2019-03-30,18.527932921460422,19.530967093020834,18.139780492411102,18.35743654676848
2019-03-29,18.60019873528771,18.65684049453513,18.213476249899593,18.52477240608601
2019-03-28,18.454685030679684,18.653292672385174,18.29419437873434,18.643586098960245
2019-03-27,17.718773418858586,18.541395604943606,17.680772834333645,18.48442299502466
2019-03-26,18.010725607210563,18.199586125519858,17.31405030418355,17.653071192440642
2019-03-25,17.67600662480481,18.23150435292594,17.628789065953306,18.00525264731542
2019-03-24,17.78046229716297,17.780621861301817,17.536682585814905,17.630477787109125
2019-03-23,17.67037508412029,17.960844634534254,17.50173448347953,17.745383841964948
2019-03-22,17.557214375298713,17.772551019375218,17.173319716525278,17.678557330942436
2019-03-21,18.055092052970892,18.139457229176784,17.34271604216173,17.61454058927185
2019-03-20,18.067365668746103,18.151910054529246,17.654604880529273,18.048557415043913
2019-03-19,18.248351083006497,18.304646347447807,17.939210381703493,17.99548027099026
2019-03-18,18.464340955087714,18.661093943293835,17.874947117599824,18.22117470379118
2019-03-17,18.159201868126207,18.52353732555717,17.953605366392367,18.411337393736325
2019-03-16,18.499833999175923,18.64985612089665,18.01277637129495,18.218961956532794
2019-03-15,18.340570513596823,18.7935770952973,18.000923111614405,18.680188830808255
2019-03-14,17.45065822453327,20.974096321099037,17.26215212354862,18.286378041144854
2019-03-13,17.548615853519976,18.308663140372406,16.872314520193818,17.445453512012794
2019-03-12,15.969467696524923,22.304113340191208,15.68583265178926,17.672059931536246
2019-03-11,16.098765960844396,16.251427829277077,15.462499340073522,16.003815439637084
2019-03-10,15.824948303569489,16.1004300285827,15.748917421156928,16.081326165826713
2019-03-09,15.33738192878028,15.866902208012702,15.299563362459923,15.743976803287525
2019-03-08,15.497358529946133,15.686495418427803,15.250747309270235,15.345299436360387
2019-03-07,15.675091533879502,15.872660731083784,15.069033897562315,15.275897605714599
2019-03-06,16.079683385433615,16.09912202852451,15.85214881999072,15.89969117491992
2019-03-05,15.440392770169533,16.20444467760137,15.296386303708697,16.194142587023734
2019-03-04,15.726721394563052,15.75509780351964,15.03635503608852,15.2630218207168
2019-03-03,15.875894649500411,15.96124871670084,15.539067883363776,15.587094808333015
2019-03-02,15.701762253709669,16.098733508345035,15.701661477937876,16.07975258645325
2019-03-01,15.75584486246001,15.96339565272821,15.652001824699289,15.699193111564446
2019-02-28,15.752797119244002,15.96974759301409,15.677223518670848,15.75267974251249
2019-02-27,15.874668485408355,15.978727784646226,15.403364600692665,15.752195759547504
2019-02-26,15.484394765519559,16.106651777841243,15.399030710964912,15.880091345263788
2019-02-25,15.085392118848663,15.525209682153548,15.057281662468878,15.403556916429416
2019-02-24,16.83164638749984,17.24443903719228,15.095570407065352,15.179992042442667
2019-02-23,16.203515911283585,16.830877772474615,16.109944497793226,16.76537335273355
2019-02-22,15.746078005527332,16.310155933218322,15.745422745600038,16.3000053822673
2019-02-21,16.31291299935423,16.34110734632964,15.589555884337441,15.749637115435199
2019-02-20,16.47427853219393,16.568155048554196,16.08927089182533,16.201988205604575
2019-02-19,17.088713167787585,17.08882459555978,16.132892902302675,16.442535124792748
2019-02-18,16.02723477626579,16.86310760842827,15.839549803694823,16.71286926929897
2019-02-17,15.726577593686825,16.113054557304558,15.594054450296568,16.056093085411035
2019-02-16,15.69562221319165,15.873982213474186,15.60134516216441,15.686269055765184
2019-02-15,15.675312624146681,15.806808376358303,15.618499194406475,15.694073678730724
2019-02-14,15.734489403858445,15.810060773567688,15.612471834867604,15.659848355166991
2019-02-13,15.849670344745256,16.047685448965336,15.679822184849206,15.802316450617235
2019-02-12,15.71021751999254,15.888990364855209,15.55012797509112,15.813587097228693
2019-02-11,16.038645215526415,16.038645215526415,15.606491172797675,15.681656241080406
2019-02-10,15.613148042178441,16.05481894344104,15.41559231221398,16.054641562385264
2019-02-09,15.501052781946093,15.68879282068378,15.36957818172996,15.538708284258357
2019-02-08,14.241143722829793,15.750521186419785,14.194001546788977,15.543911957755505
2019-02-07,13.981154019599929,14.50437658948449,13.94379976479112,14.186901113337434
2019-02-06,14.923390324476786,14.923390324476786,13.903406520423554,13.996950580130287
2019-02-05,14.713171244122536,15.003316253635314,14.713011899930837,14.881749200828738
2019-02-04,14.997852224176233,15.063435568704332,14.697954759543252,14.782459630351902
2019-02-03,14.915638802731658,15.150386157411953,14.653197892307185,14.953439089213902
2019-02-02,14.853438677135866,14.966088642430973,14.75005167866728,14.863024641078567
2019-02-01,14.785553765019573,15.104463756346167,14.579165360837727,14.907468830116184
2019-01-31,15.302905271210287,15.415437267282051,14.702693309164841,14.787112589549192
2019-01-30,15.094988188217231,15.395387252808845,14.888487322681693,15.329646778292181
2019-01-29,15.484159618275733,15.503182405623987,14.726443112231593,15.091589174781571
2019-01-28,16.02913499680595,16.076083173434466,14.71467289418506,15.522059900936855
2019-01-27,16.148844829114164,16.374125705274576,15.79178259886813,16.026450445382988
2019-01-26,16.017381929689343,16.20475486447831,15.81136188184513,16.120433563778306
2019-01-25,16.367783100684548,16.50835231572586,15.861922128999865,16.01191938306242
2019-01-24,16.221524275716607,16.38118586946682,15.939905178993559,16.343559951191413
2019-01-23,16.19887856923706,16.386497966640974,15.973759340342687,16.208277289356918
2019-01-22,16.027723356195803,16.45961592199072,15.595830709182554,16.215518357014165
2019-01-21,15.633428042895083,16.02798356464203,15.529987880538908,16.027848629246368
2019-01-20,16.365300548216506,16.448926306929817,15.381333791154747,15.446479559968305
2019-01-19,16.056353587230586,16.55883792851516,15.842305702642967,16.419234798736962
2019-01-18,16.097094131564457,16.106495249530937,15.660865256199854,15.985747655593869
2019-01-17,15.806049287240365,16.150297798274135,15.517797789120442,16.13167938860189
2019-01-16,15.338444857388778,15.850538633038486,15.217244568265942,15.813132534167398
2019-01-15,15.452325357822648,15.610508615715604,15.248027752853984,15.331905649211182
2019-01-14,15.271783749602019,15.722565363185916,14.596033178915292,15.628473965410185
2019-01-13,16.431026835377754,16.4313811498006,15.239560112944828,15.267788117255192
2019-01-12,16.083229696420187,16.573583288367207,15.61175223340506,16.50717072445265
2019-01-11,15.466472320429238,16.490427573677668,15.419225883821222,16.02986128510101
2019-01-10,17.803609389130735,18.094022862043328,15.201628772672121,15.43586571649712
2019-01-09,17.292731414087097,17.99748897835967,17.254934852202283,17.856332100415294
2019-01-08,17.918855126107758,18.050273933755665,17.186913224234523,17.252910719024307
2019-01-07,18.447067346220194,18.513270382723547,17.66760693984365,17.912189256518655
2019-01-06,17.45115626004644,18.66905257841933,17.36621148258779,18.527127467761982
2019-01-05,17.504628441546632,17.91118290279478,17.306148242011147,17.47625273185612
2019-01-04,17.208476633073055,17.538677485565664,16.81247262773667,17.500737391509077
2019-01-03,17.347273206566413,17.874919695903458,17.017193295137954,17.186777519790777
2019-01-02,16.473934103914193,17.348163161405125,16.35173133474486,17.310558304735164
2019-01-01,15.630750436706007,16.524021809141065,15.517577840760511,16.42030906530897
2018-12-31,17.503941173703048,17.813604752463295,15.526131538517891,15.54522079730968
2018-12-30,17.23753550188333,18.334820528621087,17.00081837038627,17.672408259633468
2018-12-29,18.80730420561014,19.570811362633396,17.148329181707457,17.167265037379472
2018-12-28,15.488119034052083,20.381719285907927,15.298811586411055,18.876792645960474
2018-12-27,16.90882053442042,16.97462002972803,15.358111913980153,15.358132582029658
2018-12-26,16.918575018225546,17.247464979076707,16.420592034309514,16.93747033499866
2018-12-25,18.45912039945644,18.496516627276197,16.085375462418735,16.795603415239942
2018-12-24,18.017598493519493,20.021834876077396,18.017598493519493,18.45803801925808
2018-12-23,17.79519057763683,18.437409491996387,17.700580671073503,18.17277874905806
2018-12-22,17.074019868190938,17.742844459564502,16.904483161288262,17.686127464788186
2018-12-21,18.514963253768737,18.778151229191312,16.955000056317157,17.030269553643922
2018-12-20,17.2482348737444,18.777181695035875,16.57841054770962,18.62600899865105
2018-12-19,17.421947144197876,17.91222831447254,17.02598496636978,17.26165469230874
2018-12-18,15.173202734453609,17.277462510927894,15.078958696886568,17.24908075246667
2018-12-17,14.210579030570239,15.303080915589083,14.097503580739671,15.143015569257923
2018-12-16,13.705232289522685,14.562874596409365,13.6581039047809,14.214139224049188
2018-12-15,14.297877977691147,14.382987569138354,13.52352827032725,13.74087766943191
2018-12-14,13.575357034635962,15.434304455038411,13.463209440614444,14.051809872589375
2018-12-13,13.9001260780358,13.965681277233468,13.256431409334763,13.554917550979559
2018-12-12,13.761632687999038,14.350228238213615,13.509065407894266,13.910750650469144
2018-12-11,14.513174824087725,14.550840725026731,13.573576888646553,13.741495723907919
2018-12-10,16.373767095241465,16.541895896307576,14.580533052384258,14.61800941705954
2018-12-09,16.024542706681043,16.916381004961277,15.89312646509374,16.522117918341515
2018-12-08,16.225510504268104,16.574776419217898,15.414334377492311,16.14069426336439
2018-12-07,17.21648984247393,17.216495260627916,14.69482027967857,16.271794984520117
2018-12-06,17.657483304872724,18.456090791351272,17.10280509201867,17.131483193414343
2018-12-05,18.519124590659676,18.660136814083057,17.542737106067182,17.66530012644393
2018-12-04,18.153235024425413,19.257345974729294,17.97391529327493,18.606052343638567
2018-12-03,19.388682236265787,19.3893526185603,17.890685878101607,18.154487510721584
2018-12-02,19.482333106164685,20.217796843138853,19.180396801422173,19.416005590569977
2018-12-01,18.756323797833968,20.025094085978054,18.455198999793545,19.423311799793943
2018-11-30,20.462719671950303,20.60483962388141,18.302544657586115,18.79353710156067
2018-11-29,20.70272411371143,21.18700693801906,19.85784801677495,20.50329769209061
2018-11-28,18.809782875264556,21.959345131406295,18.809782875264556,20.612134669938843
2018-11-27,18.679812633523962,18.993390743950282,18.063232768786765,18.774700204221503
2018-11-26,20.395600698768668,20.81328221068398,17.843750609567767,18.678511916741297
2018-11-25,19.344367908970803,20.90771290882598,17.553666014067375,20.24391296068204
2018-11-24,21.77745481483424,22.06998777861941,18.861410785581633,19.31473336307986
2018-11-23,22.84822349754942,23.008883232948875,21.165274185926197,21.798821832980426
2018-11-22,24.556071319491426,25.01791388538946,22.864003688464237,22.86528267683426
2018-11-21,22.807184038882415,24.847424021499876,22.255266117256237,24.83666333783391
2018-11-20,24.199488210007623,25.150153333486294,21.13584641370244,22.450268638603873
2018-11-19,31.921045213629476,31.92144405173239,24.65014235561801,24.659697058734707
2018-11-18,31.361199646526778,32.4613118717603,31.073929213590386,31.973141734915824
2018-11-17,31.47067802226592,31.632731968592953,30.650795865803264,31.175118285484338
2018-11-16,32.78087817433633,33.04720847222989,30.564236554674117,31.344220765854008
2018-11-15,33.01164425005339,33.315824951450466,30.587688621201455,32.74541138643669
2018-11-14,37.06216298611567,37.44332119143975,32.182142158359675,32.92609584791684
2018-11-13,37.90373989079279,38.132468874395705,36.855850632209055,37.161164560834365
2018-11-12,37.695788541615826,38.64997812274812,36.96095014924588,38.11553665990608
2018-11-11,38.50806854041121,38.66057342750945,36.89694912919712,37.44064944159207
2018-11-10,38.7542279020825,39.19352953466895,37.52364088248615,38.52574253212361
2018-11-09,37.29564545719485,39.15108353235544,37.23772068131137,39.02621135159134
2018-11-08,38.78724049437082,38.920338408583575,37.09523447913459,37.09529348647338
2018-11-07,39.01202614107605,39.75433379956794,38.67924380371646,38.90775075070516
2018-11-06,37.787867793573156,39.212365510991965,37.63381955504654,39.21130351128086
2018-11-05,38.26989971160286,38.56456335324048,37.13888368626139,37.47154746979708
2018-11-04,38.366588003555115,38.442666121741766,37.034927111258675,38.32820835587019
2018-11-03,39.96462681242023,39.98362531155825,38.198898020748935,38.47420697300449
2018-11-02,38.36688643666449,40.06643456644395,38.2434473200584,39.97148343101553
2018-11-01,37.73790515837593,39.23788547678668,37.57652996417256,38.20306904542519
2018-10-31,38.037723224382276,38.18954793985542,37.32581758448028,37.7433254256763
2018-10-30,37.85452743275,39.09651685544704,37.57927470863233,37.826396697262
2018-10-29,41.86787678753447,41.94417950897773,37.662518999134655,37.93843806903202
2018-10-28,40.94684646860456,44.87672935880536,39.61995384553045,42.300299110532876
2018-10-27,41.109851697134054,41.62222943462702,40.578458382356246,40.579089760062175
2018-10-26,41.33717948810187,42.25008444326682,40.823582718111076,41.422655908857536
2018-10-25,45.02937559244659,45.02944268353652,41.041461001916296,41.33711020560315
2018-10-24,49.00488367570688,50.397833772449,43.178213414570344,45.51519269408802
2018-10-23,37.063380884046445,51.85036933288806,37.06334204243569,49.345347490237806
2018-10-22,36.30968062577806,37.34587760528868,36.005705757564115,36.62261129681913
2018-10-21,36.63987699650984,36.88828884779576,36.042208244198704,36.2602124615989
2018-10-20,36.27580027204333,36.58080247096608,35.89710944240837,36.512501951393226
2018-10-19,36.86680726336871,36.87752888955387,35.939863445975455,36.24222501005645
2018-10-18,37.52016621506265,37.52225092616878,36.18925085785182,36.776407313405564
2018-10-17,37.82126102980218,38.059258123925126,37.30599428613866,37.82010046050298
2018-10-16,37.53120789556291,39.546190400536936,36.89483341455611,38.28282640864293
2018-10-15,35.827649471967426,39.74650379543417,35.54874635402624,38.2418887240805
2018-10-14,36.27916357707318,36.97869821377857,35.61788804364718,35.81906877381469
2018-10-13,34.67572352632517,36.63749907854024,34.426615664579224,36.49360697786185
2018-10-12,34.913603147202245,36.521523994042326,34.247788509913875,34.47701368353936
2018-10-11,39.55085121491669,39.550860075652885,34.90259200105255,35.21823682402092
2018-10-10,39.21319516285875,40.18986667685641,38.23694422236445,39.6438090000124
2018-10-09,42.36880963791703,43.97991640189524,38.6011148662958,39.406443132326324
2018-10-08,38.13889003844503,42.30103117733919,38.05272641934235,41.92974335012099
2018-10-07,38.19283210238267,38.529829967342096,37.11690240022597,37.453866898739236
2018-10-06,39.756952535275644,39.917777771100006,38.176053275053285,38.5271307383198
2018-10-05,39.11216771203181,40.13594497145072,38.79958642808805,39.78547942107146
2018-10-03,36.8234317463583,36.94642466949651,35.744363955691384,36.558352326832285
2018-10-02,36.39861749017253,36.9280597434964,36.077196011263105,36.72926716358918
2018-10-01,36.95312174017312,37.566387536901786,36.01035145083109,36.41602591540676
2018-09-29,36.62266542009155,37.05732115944504,35.87602537801179,36.92500153389564
2018-09-28,36.54945325311734,37.42785841409304,36.275525937405845,36.64379578068088
2018-09-27,35.01604618305862,36.78183637400164,34.7990017456603,36.51746754042204
2018-09-26,34.93820666211493,35.37367600772061,34.02920198332818,35.0607939192429
2018-09-25,35.68038600753251,35.680532562245155,34.09466457800397,34.878029126357816
2018-09-24,36.7092636095092,36.94512286651556,35.31371079561463,35.690863032809844
2018-09-23,35.91022097114353,36.73120175557609,35.4855052848626,36.63671163603391
2018-09-22,36.156882565903786,36.457309582703296,34.41009837111549,35.57352420678571
2018-09-21,34.40753524779955,36.139902672665166,33.98653545364889,35.94340665333053
2018-09-20,34.16569535086874,34.965188893710796,33.7236796541628,34.53177616436363
2018-09-19,33.969683856453315,34.46746794158561,33.21995676421107,34.00810902480353
2018-09-18,34.469732573812315,35.39920077106606,33.63476424471265,34.421970473026576
2018-09-17,35.90986358307656,35.97633146015306,34.30977629001336,34.35742195097965
2018-09-16,36.572661781733714,36.57293865256199,35.39729543944625,35.966288146472216
2018-09-15,36.23623803701868,36.920340241006265,35.27701414358747,36.69237495308601
2018-09-14,35.389724950228185,39.09005797842683,34.78946156701579,36.51116926641478
2018-09-13,32.81984550262254,35.33134303136599,32.71597905810289,35.13309821156581
2018-09-12,33.82476134947314,33.881481373554934,32.212380812527606,32.768761650150985
2018-09-11,34.51616230567567,35.72713982072328,32.5104578977903,33.90117166168348
2018-09-10,35.30244170429861,35.71922533131509,33.65512947469829,34.53545652042027
2018-09-09,33.45515744234332,36.31540032989232,33.45489836274191,35.17851951505997
2018-09-08,35.96829960870892,37.143925797499065,32.91148348394711,33.2313114945892
2018-09-07,35.30593965024461,38.427520275566984,34.3154691603309,36.06016210787701
2018-09-06,35.523751020054846,35.54268999634775,32.85555984272286,35.16685220610988
2018-09-05,40.528583274542065,41.037330315323366,35.01859485992341,35.018608492894295
2018-09-04,40.58723714055805,41.30604153778127,40.19982635391331,40.74825650528109
2018-09-03,42.07910998752561,42.17418484591038,40.46040428814363,40.48889191242698
2018-09-02,42.1715366265895,42.29451597162984,39.984522320841315,41.766265448171275
2018-09-01,40.314033124494415,42.682661875857804,40.134638893871056,42.18231541464796
2018-08-31,40.152205198069844,40.49282608445692,39.34802990675777,40.44540287837594
2018-08-30,39.438454248003374,41.49214935639467,37.68731403390235,40.11931184824921
2018-08-29,38.8823263579963,41.49344889082204,38.22140519883847,39.2396699375689
2018-08-28,37.96731024168106,39.33882954378504,37.67330988557382,38.71711294505179
2018-08-27,35.65695164044845,37.57114996458776,35.115114062267025,37.57048924784157
2018-08-26,37.41877057211972,37.43902549322978,34.90581552231698,35.948156341544355
2018-08-25,38.46209526853148,38.73609934696845,36.4965915113885,37.76261651220491
2018-08-24,35.24653660222173,38.76694012314489,33.1598007791638,38.521471173226516
2018-08-23,34.29914081008329,35.13588414713937,34.12867581962108,35.04173448459942
2018-08-22,35.84894675535622,37.53353173356407,34.09874270839766,34.458310423568236
2018-08-21,34.882790065511884,36.28488920901318,34.64514762040274,35.89561792439796
2018-08-20,37.964168300754295,38.512244580072675,34.63663209758964,34.83563707487198
2018-08-19,37.38616078156082,38.70645158799442,36.417384657672564,38.2030719906507
2018-08-18,40.20966875252505,41.22665680555901,35.817029657504094,37.328256300624474
2018-08-17,35.663615482772606,40.22850007894088,35.66173434089102,40.105607641014814
2018-08-16,35.055742055016495,36.459847081209986,34.64850043064234,35.70590740072412
2018-08-15,37.26820444658998,38.41032847421173,34.5373200451325,35.2175866204327
2018-08-14,36.778837377405026,37.86577736355097,31.07569983463302,37.86418347993969
2018-08-13,38.63563085085721,39.001349065889194,36.18952412072114,36.189882544789455
2018-08-12,40.12861642571946,40.309946140499335,38.5791072327617,38.75111393472245
2018-08-11,40.529074909079306,41.83876015275615,39.46844753508908,40.891457064448524
2018-08-10,44.88513197797279,44.88521145604428,39.971815602772054,40.35197807986754
2018-08-09,42.44286023081711,45.286797955245476,40.44404305632657,44.78470186579155
2018-08-08,45.25948698326775,45.25950012463657,40.41177372550332,43.14955921440676
2018-08-07,46.868167681929854,48.08660939040034,44.556111319908965,44.68893321853696
2018-08-06,47.185247107323356,48.71741996204404,45.98375974319818,47.04303375009696
2018-08-05,47.771836065185234,48.76700673264754,47.022931003036106,47.24096478050256
2018-08-03,50.637399310374335,53.0172389710972,48.501367334756665,51.9869002941346
2018-08-02,53.75243627061692,55.76240600898699,50.34090825631262,50.34178840695203
2018-08-01,52.690161993492005,53.663669085618665,50.787257192017485,53.616405321616874
2018-07-31,56.161187610883445,56.16135173188117,52.31440597196629,52.74551450377485
2018-07-30,59.337126674324914,59.73496561993933,54.74663723338211,56.26655899548205
2018-07-29,61.66776994096531,61.915054949650056,59.79216516851782,60.724206455694706
2018-07-28,60.27579375270081,61.19814671461041,59.03483116004886,60.36181918190127
2018-07-27,60.66229178120336,61.42000696988437,57.25316945883007,60.209224804055374
2018-07-26,62.75542865984337,63.00133177221424,59.78829625997011,60.57216951826
2018-07-25,62.026492913732255,64.13687522820467,60.246381004836756,62.526051711263186
2018-07-24,63.97446022594147,66.84615080124797,58.97240473531322,63.0441257758449
2018-07-23,66.13241539006414,67.59062446703105,63.95687973365584,64.27843812223996
2018-07-22,68.45165272969616,69.13376854031337,65.18479639174866,66.31164366769208
2018-07-21,68.60010307761394,69.8028606289665,67.5550180428141,68.40757711762069
2018-07-20,68.58784406302168,69.83890361356364,66.58558504503802,68.26898668877135
2018-07-19,67.74225695929957,72.27763826584183,66.81038368135404,68.88290505263925
2018-07-18,71.42651652228992,72.77366286211483,67.14091114970238,68.13458064303171
2018-07-17,67.47052062088727,72.91749066450164,64.49599972063544,72.20781803542154
2018-07-16,59.877136801010856,67.68676923107881,58.85634521232542,67.686761373746
2018-07-15,54.46537923373712,60.371344854099526,54.209503244934446,59.87613733940038
2018-07-14,54.02856205858112,54.575955359053275,52.68850233504582,54.43696278492091
2018-07-12,55.243132038408355,55.47541787021985,51.81413995733307,52.994399514128325
2018-07-11,53.91777278922043,56.144959819730225,53.596792550677414,55.239309973395734
2018-07-10,57.57067973848175,58.17057612848383,52.79432681910368,53.90951238136766
2018-07-09,58.719828607201755,59.416280656731914,57.1922187799647,58.30766711863659
2018-07-08,60.261465859634804,60.81789572251542,57.96838079313913,58.31292107661425
2018-07-07,61.98991599149438,62.20344782706815,58.734819735468925,60.907426319173794
2018-07-06,60.67448424261808,63.71902803976105,56.96232530694324,61.440414200314095
2018-07-05,64.89110362856323,65.45015083927814,61.512964073230876,62.35723998707276
2018-07-04,65.07517020306234,66.76552439376391,63.40318601354923,64.57132556202248
2018-07-03,65.64584555574953,67.06840050787429,63.80261651511509,65.43165340865512
2018-07-02,63.74880310419624,67.68103981186691,61.69935909136951,66.0799296589653
2018-07-01,62.84378703665392,64.91309334988196,60.473284545557505,64.12494321689826
2018-06-30,64.4040889603568,65.14324670260538,62.17805157377375,62.6004745067625
2018-06-29,57.01525724362343,67.70096500362737,54.64592488535219,65.87900356279916
2018-06-28,65.10415026038172,65.38661968083562,56.44377537385174,56.55620604431135
2018-06-27,67.02952385419314,67.41468865690328,63.477273704611584,65.45973043110438
2018-06-26,70.0645216980368,70.76160526158651,66.00196840321578,67.27242653888311
2018-06-25,69.85857201499205,72.00466422405647,65.51444840035667,70.78545916303534
2018-06-24,68.61726231163006,70.9489967013387,61.38471359624346,69.86032604040358
2018-06-23,73.76055887102821,75.21862890645947,67.09418519638052,69.37946914136327
2018-06-22,85.65258361177385,86.45119901995818,72.10363252968331,73.78644435466406
2018-06-21,87.057619539702,88.3418680907682,85.33073460772749,85.99980468705543
2018-06-20,87.85777077441304,87.86966962345464,83.75885573004243,86.5731637796889
2018-06-19,89.15763069662064,90.39592153583044,87.51831160160513,88.55652360654571
2018-06-18,86.4938797332227,91.20903519984348,85.02056055368517,89.1084427246679
2018-06-17,85.85720334584954,92.26093482594463,85.61926923534055,86.89543374820536
2018-06-16,86.1926993188764,87.82095979724808,84.19334682756536,85.9358072723534
2018-06-15,94.59073029777863,94.82898410227054,86.36652870405513,86.76686862129978
2018-06-14,82.25872671904048,94.81798887625537,81.53222091584036,94.7892766228521
2018-06-13,82.69995423906745,90.03704610264029,81.07208547617012,82.23336418482837
2018-06-12,89.78693865598615,90.1079493153902,80.76995890062024,81.82745067258685
2018-06-11,87.98642634645906,91.12695322370885,87.35249102978094,90.30390066481132
2018-06-10,98.33688616224646,98.33706818198004,87.49219877291696,88.18628724034818
2018-06-09,102.99479121658734,104.1325588175628,98.2172231335431,98.2172231335431
2018-06-08,101.30217589874162,103.34066707660415,96.77818681143826,103.13165157072639
2018-06-07,95.58060714020719,102.29811593454679,93.88996162663797,101.76635707916891
2018-06-06,95.46224248480125,96.50523951965992,92.1174717749286,95.05938279823738
2018-06-05,95.21583112847362,97.36539677751816,90.23724771856119,96.2227479834351
2018-06-04,93.96754224531236,95.8997773158421,88.70914550765737,94.73306245241862
2018-06-03,96.5917312025203,96.71471968929335,92.46681801610835,93.32608009001783
2018-06-02,91.26236673177804,98.52245435137141,91.12973593585032,97.00787245698544
2018-06-01,88.4582871580087,92.7615237088222,87.79781159682923,90.82608687988052
2018-05-31,85.10865837818884,88.64877457265558,84.08005497209481,88.38300281825012
2018-05-30,88.38449650924586,88.56621987965497,83.23716271677444,84.98285631795018
2018-05-29,85.17569239021952,90.55532083357939,81.25524244748428,88.60440159040375
2018-05-28,86.8980358232517,88.6776196238957,81.0383220572585,85.00421389393884
2018-05-27,87.11383150827805,91.65320243925939,81.72684193082699,86.89661068853168
2018-05-26,95.10022928703609,96.6319871159056,86.76699568658705,87.18293796931884
2018-05-25,97.99856262565996,99.80732233483803,93.07479503831722,96.27439341426026
2018-05-24,98.81026899384324,104.58125729020688,93.04949798384862,98.58119899524371
2018-05-23,104.6361991690872,108.35197657108142,97.17161775980213,98.81336935723478
2018-05-22,111.3419353464621,111.34792951805977,103.61935977242692,104.76521994618308
2018-05-21,105.9850494210564,113.70437802878156,103.63197618731238,111.70511156705014
2018-05-20,103.04542667487546,112.92714266631083,101.4548870381855,106.50106957459977
2018-05-19,100.1850209575763,104.6555530816378,98.48972664289369,103.05635672333564
2018-05-18,89.2024227047598,101.97080432055773,85.08593233400927,100.1844901713369
2018-05-17,88.19756587074883,94.62234778971435,88.19752983037276,89.04795316044907
2018-05-16,93.65615113749503,93.65616581645216,84.52962554991693,89.08339522938807
2018-05-15,96.71432908150584,98.0149170015813,91.50998585282589,93.62780574808663
2018-05-14,89.4156323873738,98.97606060266642,84.86628641365004,98.97423290189877
2018-05-13,81.82209965888124,88.75199501262908,79.96219417486734,87.20147211772945
2018-05-12,82.23539299143886,84.38807032288419,77.75574120195868,81.71882704527425
2018-05-11,83.27521965330784,91.2297655967303,76.48430002337254,82.70061714104162
2018-05-10,80.9782475802268,85.55297596175012,80.29947771743531,82.78074088060896
2018-05-09,81.91392357077076,83.83894594838016,78.6449669565217,81.62466056311699
2018-05-08,83.57422319951264,83.68224484196875,79.80193307946278,81.31554182941446
2018-05-07,82.49789483532443,86.6688221902416,79.63864075524393,84.32745250250208
2018-05-06,82.95027238396888,83.91986594817284,78.17691112264896,81.75096382520276
2018-05-05,86.8036315209417,86.80405774077185,82.57046396496767,82.85416652634372
2018-05-04,79.77128595366142,107.60891511466377,78.03258906411855,87.10136220775743
2018-05-03,77.25605714279786,79.85077006100452,74.64907453021142,79.43299772136972
2018-05-02,76.54736908221967,77.39650068299622,73.96889905218936,76.65327120366302
2018-05-01,80.10559228257307,80.10560714347355,74.12309883154168,77.70289192275982
2018-04-30,78.4484499276652,79.07074317080432,74.99718596965171,78.27376379090798
2018-04-29,81.92140655889636,83.91208740684016,77.03845497884699,78.76392424847404
2018-04-28,78.56973264865888,82.68227914727,78.3139913028935,81.95371959563812
2018-04-27,80.74788213157194,85.12575235138286,77.9071231164056,79.06080645963341
2018-04-26,72.80019027084047,79.47424777387623,70.18060259922117,79.47419965791607
2018-04-25,70.39798390392471,130.879427268289,68.31116976130578,72.49784275450429
2018-04-24,60.65252863937042,71.66318866188229,60.62827921891143,69.84789502049348
2018-04-23,59.89351300037494,62.334151644737084,59.5862753349557,61.19849734558802
2018-04-22,62.899601440031816,62.89989696310987,59.843879800762494,60.20827980401262
2018-04-21,61.70596587314806,63.14536974382682,60.41114678647596,62.55945517358286
2018-04-20,57.66072891827178,61.986027813104116,57.38384516425745,61.500204882428584
2018-04-19,56.498371614007496,57.61435992479541,55.526904028466916,56.94634224851978
2018-04-18,56.0013397462005,58.43074788798755,55.6717216467892,57.192377797233185
2018-04-17,56.67540050584993,57.71877504746456,55.331079142974424,55.43005642588239
2018-04-16,58.213375531577476,58.84369359897334,55.81129987138864,56.97011444152718
2018-04-15,54.16808882276473,60.456877229910525,54.1609160300614,58.165865002073765
2018-04-14,53.05347951311367,54.99495141812687,52.38313448904846,54.117814667464074
2018-04-13,55.51826816997728,56.418674893610834,52.00873502065187,52.66717135168012
2018-04-12,47.544049852585246,56.14694014943946,47.188899897348804,55.90917134308097
2018-04-11,46.19902900385111,48.495375332877074,45.96291315578497,47.52476698119432
2018-04-10,44.04974418382706,46.61925387573796,43.16638222059938,46.45524905958009
2018-04-09,45.44259909252084,48.03599772389563,43.16457348095295,43.88328624943549
2018-04-08,45.903622112094205,47.096743747598005,45.279785911895466,45.69282713148102
2018-04-07,40.39961884500955,46.52641295803495,40.261817736933736,45.8921608917554
2018-04-06,39.597978589648804,41.340756632532596,38.36736310722574,39.98243170240089
2018-04-05,38.67640285491139,40.27841094548975,37.171317199284395,39.91964332979319
2018-04-04,43.004487469255004,43.07762319253517,37.99106212884299,38.676120626660854
2018-04-03,38.25278640672027,43.15821010427812,37.94160579912592,43.00254493426106
2018-04-02,36.01211658007842,38.19918832326331,35.77524882430052,38.05293556049185
2018-04-01,36.200897692314925,36.76503951224845,33.88903424538825,35.77286378179774
2018-03-31,35.28078938437612,37.51847868054344,35.28068054770607,36.11059946154091
2018-03-30,37.117969107058336,37.71668019491184,34.345534603697395,35.6042741357288
2018-03-29,42.94007908570703,43.115459560895964,36.01009473752947,37.01098959759155
2018-03-28,42.48376049235929,44.09396871725119,42.28933748311264,43.27046222697085
2018-03-27,44.63895127867744,45.25145968099948,42.40268349136834,42.60829712330598
2018-03-26,46.990185688894755,47.613336988163994,43.06677191215699,44.84246850385924
2018-03-25,47.28523420978543,49.92428028160949,46.77226399920457,46.969655238989745
2018-03-24,49.952301170921636,51.580717736972304,47.58956925775806,47.98956160690291
2018-03-23,46.826939933016824,48.79020144700934,45.180188356781464,48.79007261694096
2018-03-22,48.556407750377524,50.58832442143648,46.189723958457186,47.39761273785768
2018-03-21,49.443913105801016,51.322450177626976,48.18498460355838,48.65480637119617
2018-03-20,49.754456694032726,51.21136956189498,47.18898545123044,49.38825221475671
2018-03-19,47.206714762626,50.45201405682098,46.312945622426426,49.257312186520906
2018-03-18,45.585455452080076,48.79642322432935,41.639611811929264,47.7416382590037
2018-03-17,51.110936905529705,51.55306399195153,45.28809066812519,45.58951674609332
2018-03-16,52.117401477752395,52.3880725881945,50.12009125509066,50.567668489962585
2018-03-15,47.98006713113682,51.46488930851351,42.513300038990096,50.28969914828541
2018-03-14,53.94982840525806,55.74373720448764,46.26331344285203,47.24184937806212
2018-03-13,55.055760872923194,57.12101955864727,53.137298489086774,54.69727910988727
2018-03-12,58.21254558118776,60.641810015119134,52.0321252319435,54.810309513349125
2018-03-11,55.576154135682955,59.85269542236134,53.414512491302965,58.25015383307855
2018-03-10,56.237078230898454,59.81353764335286,55.28490608050625,55.77186765527183
2018-03-09,53.68212968386993,56.6598892046744,48.00161633262301,56.1810024139375
2018-03-08,60.71487632886882,62.35051806328544,53.431623859910026,53.614890856098995
2018-03-07,66.79062557678269,69.78010864965314,54.993878651765016,61.25827748628033
2018-03-06,74.9167267281845,74.91680899241291,65.18860789804337,66.76412424040943
2018-03-05,73.86671351310287,76.47173119883469,72.44895396222327,75.31863284268849
2018-03-04,73.09917184398445,74.8674291780977,70.94067578306742,73.437421851933
2018-03-03,73.5468092951623,75.75046981742769,72.62569587471313,73.61571952204613
2018-03-02,72.62003455495675,77.08501964968757,71.43136336299891,74.23161242881379
2018-03-01,68.74017898151217,74.47421166807766,68.03951775181983,73.32169824878588
2018-02-28,71.6391882380326,74.73176881677956,67.07135702528426,68.498177939902
2018-02-27,69.17059342132619,72.65021895830489,68.42712069962455,71.43698392874245
2018-02-26,66.14768500521879,70.37027573591449,64.44079273751919,69.32376779488331
2018-02-25,65.92246607057187,76.18396659732332,63.83601056155591,66.19773211439141
2018-02-24,69.75681407074035,71.85026474125333,63.634705967284596,65.93833182690636
2018-02-23,66.38160590262896,72.26336813476287,64.27070343137568,69.831374127804
2018-02-22,68.44857424211848,72.21199966716834,64.8036107374148,66.25072466707341
2018-02-21,73.55023467501934,75.83397048338414,67.88278653421327,69.03415563171912
2018-02-20,80.44666606835148,82.69719707347694,70.63325000456845,73.7309377259528
2018-02-19,78.3968861099615,86.49862958127159,78.29460793967026,81.7716433521294
2018-02-18,90.0569982218843,90.36479424301018,78.94280718284834,78.94353565328885
2018-02-17,84.143508045721,91.6683592158399,83.16182951532949,89.98586862705686
2018-02-16,81.48623139116,84.82498986874505,78.20272669962922,84.57142184589803
2018-02-15,75.78352903769138,84.08709069814702,75.16837679701199,81.5617046045785
2018-02-14,67.9454749065394,75.61058485157227,67.43390527004249,75.61047249388858
2018-02-13,71.97078499652069,72.25820175035295,66.4931841367449,67.89253004081706
2018-02-12,64.21056892656459,73.83614329508059,64.21051807625193,71.8033358103752
2018-02-11,70.99976734580743,70.99985574214853,63.621038610827455,63.73236499777554
2018-02-10,74.17098120919074,76.99014192721805,65.98284377079156,70.90120897822072
2018-02-09,68.01793029318982,75.84986661202716,65.21517489709522,75.35929229626845
2018-02-08,62.662263733795186,72.9262915442951,62.6622494172968,66.80896641826607
2018-02-07,66.37573184636577,72.61107109875438,59.23928820035848,63.178102298848515
2018-02-06,54.84336757963898,69.10085733092949,44.17109284976377,67.56752102093392
2018-02-05,67.3218399635086,68.94318507628506,52.27854067927253,54.33257435946503
2018-02-04,81.5606474131472,82.99472292764426,64.93820995681719,67.8685730934111
2018-02-03,74.28883713623071,84.00551884523902,68.80611607718554,82.6013831081419
2018-02-02,76.69554761042185,78.72375773494969,61.43617165431074,73.6773485600642
2018-02-01,91.29465431611396,92.43294590492967,73.54466955571897,77.80872631033684
2018-01-31,83.67793328368282,93.43754960494712,82.11039910834181,91.05424850480684
2018-01-30,90.67328599035059,95.0217303207447,81.83089606196978,82.46236682206533
2018-01-29,86.10975492382109,91.26656653054407,81.44010595221239,91.26302136750506
2018-01-28,84.87460410507201,88.3189248338217,83.43396052783822,85.60959730520187
2018-01-27,83.401695063638,87.15791498728092,80.67496221016816,84.58690694390864
2018-01-26,83.81612604329116,89.36286060335094,76.30349385310309,82.98058846770518
2018-01-25,88.46885572893338,90.50007258716983,82.4577410087835,83.29935510798539
2018-01-24,83.97937376323927,89.91654082962188,81.65470256356834,86.52187252407899
