Date	Weighted_Open	Weighted_Close	Weighted_Low	Weighted_High	Date
2018-01-24	83.97937376323927	86.52187252407899	81.65470256356834	89.91654082962188	736718.0
2018-01-25	88.46885572893339	83.29935510798539	82.45774100878351	90.50007258716983	736719.0
2018-01-26	83.81612604329115	82.98058846770518	76.30349385310309	89.36286060335092	736720.0
2018-01-27	83.40169506363802	84.58690694390864	80.67496221016815	87.15791498728092	736721.0
2018-01-28	84.87460410507202	85.60959730520189	83.43396052783824	88.3189248338217	736722.0
2018-01-29	86.10975492382109	91.26302136750506	81.4401059522124	91.26656653054407	736723.0
2018-01-30	90.67328599035059	82.46236682206533	81.83089606196978	95.02173032074468	736724.0
2018-01-31	83.67793328368282	91.05424850480684	82.11039910834181	93.43754960494714	736725.0
2018-02-01	91.29465431611396	77.80872631033684	73.54466955571895	92.43294590492967	736726.0
2018-02-02	76.69554761042185	73.6773485600642	61.436171654310755	78.72375773494969	736727.0
2018-02-03	74.28883713623071	82.6013831081419	68.80611607718552	84.00551884523902	736728.0
2018-02-04	81.56064741314721	67.8685730934111	64.93820995681719	82.99472292764426	736729.0
2018-02-05	67.3218399635086	54.332574359465035	52.27854067927253	68.94318507628505	736730.0
2018-02-06	54.84336757963898	67.56752102093392	44.17109284976376	69.10085733092949	736731.0
2018-02-07	66.37573184636577	63.17810229884852	59.23928820035848	72.61107109875438	736732.0
2018-02-08	62.662263733795186	66.80896641826608	62.6622494172968	72.9262915442951	736733.0
2018-02-09	68.01793029318982	75.35929229626846	65.21517489709524	75.84986661202716	736734.0
2018-02-10	74.17098120919073	70.90120897822072	65.98284377079156	76.99014192721806	736735.0
2018-02-11	70.99976734580743	63.73236499777554	63.621038610827455	70.99985574214853	736736.0
2018-02-12	64.21056892656459	71.8033358103752	64.21051807625193	73.83614329508057	736737.0
2018-02-13	71.9707849965207	67.89253004081705	66.4931841367449	72.25820175035294	736738.0
2018-02-14	67.9454749065394	75.61047249388858	67.4339052700425	75.61058485157227	736739.0
2018-02-15	75.78352903769138	81.56170460457851	75.16837679701197	84.08709069814702	736740.0
2018-02-16	81.48623139116	84.57142184589803	78.20272669962922	84.82498986874504	736741.0
2018-02-17	84.143508045721	89.98586862705686	83.16182951532947	91.6683592158399	736742.0
2018-02-18	90.05699822188429	78.94353565328885	78.94280718284834	90.36479424301017	736743.0
2018-02-19	78.3968861099615	81.7716433521294	78.29460793967026	86.49862958127159	736744.0
2018-02-20	80.44666606835148	73.73093772595278	70.63325000456845	82.69719707347694	736745.0
2018-02-21	73.55023467501934	69.0341556317191	67.88278653421327	75.83397048338415	736746.0
2018-02-22	68.44857424211848	66.25072466707341	64.8036107374148	72.21199966716834	736747.0
2018-02-23	66.38160590262896	69.831374127804	64.27070343137568	72.26336813476289	736748.0
2018-02-24	69.75681407074033	65.93833182690636	63.634705967284596	71.85026474125333	736749.0
2018-02-25	65.92246607057187	66.19773211439141	63.83601056155591	76.18396659732332	736750.0
2018-02-26	66.14768500521879	69.32376779488331	64.44079273751919	70.37027573591448	736751.0
2018-02-27	69.17059342132619	71.43698392874245	68.42712069962455	72.65021895830489	736752.0
2018-02-28	71.63918823803259	68.498177939902	67.07135702528424	74.73176881677956	736753.0
2018-03-01	68.74017898151219	73.32169824878586	68.03951775181983	74.47421166807766	736754.0
2018-03-02	72.62003455495675	74.23161242881379	71.43136336299891	77.08501964968757	736755.0
2018-03-03	73.54680929516229	73.61571952204613	72.62569587471313	75.75046981742769	736756.0
2018-03-04	73.09917184398444	73.437421851933	70.9406757830674	74.86742917809768	736757.0
2018-03-05	73.86671351310287	75.31863284268849	72.44895396222327	76.47173119883469	736758.0
2018-03-06	74.9167267281845	66.76412424040943	65.18860789804339	74.91680899241291	736759.0
2018-03-07	66.79062557678269	61.25827748628033	54.993878651765016	69.78010864965314	736760.0
2018-03-08	60.714876328868826	53.614890856098995	53.43162385991002	62.35051806328544	736761.0
2018-03-09	53.68212968386993	56.1810024139375	48.00161633262301	56.6598892046744	736762.0
2018-03-10	56.237078230898454	55.77186765527183	55.28490608050625	59.81353764335286	736763.0
2018-03-11	55.576154135682955	58.25015383307854	53.414512491302965	59.85269542236135	736764.0
2018-03-12	58.21254558118777	54.810309513349125	52.0321252319435	60.641810015119134	736765.0
2018-03-13	55.055760872923194	54.69727910988727	53.13729848908678	57.12101955864727	736766.0
2018-03-14	53.949828405258046	47.241849378062106	46.26331344285203	55.74373720448764	736767.0
2018-03-15	47.98006713113681	50.28969914828541	42.513300038990096	51.46488930851351	736768.0
2018-03-16	52.11740147775239	50.567668489962585	50.12009125509066	52.3880725881945	736769.0
2018-03-17	51.110936905529705	45.58951674609332	45.2880906681252	51.55306399195153	736770.0
2018-03-18	45.585455452080076	47.7416382590037	41.639611811929264	48.79642322432935	736771.0
2018-03-19	47.206714762626	49.257312186520906	46.312945622426426	50.45201405682098	736772.0
2018-03-20	49.75445669403274	49.38825221475671	47.18898545123044	51.21136956189498	736773.0
2018-03-21	49.443913105801016	48.65480637119617	48.18498460355838	51.32245017762699	736774.0
2018-03-22	48.556407750377524	47.39761273785768	46.189723958457186	50.58832442143648	736775.0
2018-03-23	46.826939933016824	48.79007261694096	45.18018835678147	48.79020144700935	736776.0
2018-03-24	49.952301170921636	47.98956160690291	47.58956925775806	51.580717736972304	736777.0
2018-03-25	47.28523420978543	46.96965523898975	46.77226399920457	49.924280281609484	736778.0
2018-03-26	46.990185688894755	44.84246850385924	43.06677191215699	47.613336988163994	736779.0
2018-03-27	44.63895127867744	42.60829712330598	42.40268349136834	45.25145968099948	736780.0
2018-03-28	42.48376049235929	43.27046222697085	42.28933748311264	44.09396871725119	736781.0
2018-03-29	42.94007908570704	37.01098959759155	36.01009473752947	43.11545956089597	736782.0
2018-03-30	37.117969107058336	35.6042741357288	34.345534603697395	37.71668019491184	736783.0
2018-03-31	35.28078938437612	36.11059946154091	35.28068054770606	37.51847868054344	736784.0
2018-04-01	36.200897692314925	35.77286378179774	33.88903424538825	36.76503951224845	736785.0
2018-04-02	36.01211658007842	38.05293556049185	35.77524882430052	38.1991883232633	736786.0
2018-04-03	38.25278640672027	43.00254493426106	37.94160579912592	43.15821010427811	736787.0
2018-04-04	43.004487469255004	38.676120626660854	37.99106212884299	43.07762319253517	736788.0
2018-04-05	38.67640285491139	39.91964332979319	37.171317199284395	40.278410945489746	736789.0
2018-04-06	39.5979785896488	39.98243170240089	38.36736310722574	41.340756632532596	736790.0
2018-04-07	40.39961884500955	45.892160891755395	40.261817736933736	46.52641295803497	736791.0
2018-04-08	45.903622112094205	45.69282713148103	45.279785911895466	47.096743747598005	736792.0
2018-04-09	45.44259909252083	43.88328624943549	43.16457348095295	48.03599772389564	736793.0
2018-04-10	44.049744183827066	46.45524905958009	43.16638222059938	46.619253875737975	736794.0
2018-04-11	46.19902900385111	47.52476698119432	45.96291315578497	48.495375332877074	736795.0
2018-04-12	47.544049852585246	55.90917134308096	47.1888998973488	56.14694014943946	736796.0
2018-04-13	55.51826816997728	52.667171351680125	52.008735020651876	56.418674893610834	736797.0
2018-04-14	53.05347951311368	54.117814667464074	52.38313448904845	54.99495141812687	736798.0
2018-04-15	54.16808882276473	58.165865002073765	54.1609160300614	60.456877229910525	736799.0
2018-04-16	58.213375531577476	56.97011444152718	55.81129987138864	58.843693598973346	736800.0
2018-04-17	56.67540050584992	55.43005642588239	55.33107914297442	57.71877504746456	736801.0
2018-04-18	56.00133974620049	57.192377797233185	55.6717216467892	58.43074788798755	736802.0
2018-04-19	56.498371614007496	56.94634224851977	55.526904028466916	57.61435992479541	736803.0
2018-04-20	57.66072891827179	61.500204882428584	57.383845164257444	61.986027813104116	736804.0
2018-04-21	61.70596587314806	62.55945517358286	60.41114678647595	63.145369743826826	736805.0
2018-04-22	62.89960144003182	60.20827980401262	59.843879800762494	62.89989696310987	736806.0
2018-04-23	59.89351300037494	61.19849734558802	59.5862753349557	62.33415164473708	736807.0
2018-04-24	60.65252863937041	69.84789502049348	60.62827921891143	71.66318866188229	736808.0
2018-04-25	70.39798390392471	72.49784275450429	68.31116976130578	130.879427268289	736809.0
2018-04-26	72.80019027084047	79.47419965791609	70.18060259922117	79.47424777387623	736810.0
2018-04-27	80.74788213157194	79.06080645963341	77.9071231164056	85.12575235138287	736811.0
2018-04-28	78.56973264865888	81.95371959563812	78.31399130289348	82.68227914727	736812.0
2018-04-29	81.92140655889636	78.76392424847404	77.03845497884699	83.91208740684016	736813.0
2018-04-30	78.44844992766521	78.27376379090799	74.99718596965171	79.07074317080432	736814.0
2018-05-01	80.10559228257307	77.70289192275982	74.12309883154168	80.10560714347355	736815.0
2018-05-02	76.54736908221967	76.65327120366302	73.96889905218937	77.39650068299622	736816.0
2018-05-03	77.25605714279787	79.4329977213697	74.64907453021142	79.85077006100454	736817.0
2018-05-04	79.77128595366142	87.10136220775743	78.03258906411855	107.60891511466377	736818.0
2018-05-05	86.8036315209417	82.85416652634373	82.57046396496767	86.80405774077185	736819.0
2018-05-06	82.95027238396888	81.75096382520276	78.17691112264896	83.91986594817286	736820.0
2018-05-07	82.49789483532444	84.32745250250208	79.63864075524393	86.6688221902416	736821.0
2018-05-08	83.57422319951264	81.31554182941446	79.80193307946278	83.68224484196875	736822.0
2018-05-09	81.91392357077076	81.62466056311699	78.6449669565217	83.83894594838016	736823.0
2018-05-10	80.97824758022679	82.78074088060896	80.29947771743531	85.5529759617501	736824.0
2018-05-11	83.27521965330784	82.70061714104162	76.48430002337254	91.2297655967303	736825.0
2018-05-12	82.23539299143886	81.71882704527427	77.75574120195868	84.38807032288418	736826.0
2018-05-13	81.82209965888123	87.20147211772945	79.96219417486734	88.75199501262908	736827.0
2018-05-14	89.4156323873738	98.97423290189877	84.86628641365004	98.97606060266642	736828.0
2018-05-15	96.71432908150584	93.62780574808663	91.50998585282589	98.0149170015813	736829.0
2018-05-16	93.65615113749503	89.08339522938807	84.52962554991693	93.65616581645216	736830.0
2018-05-17	88.19756587074883	89.04795316044907	88.19752983037276	94.62234778971435	736831.0
2018-05-18	89.20242270475981	100.1844901713369	85.08593233400927	101.97080432055773	736832.0
2018-05-19	100.1850209575763	103.05635672333564	98.48972664289367	104.6555530816378	736833.0
2018-05-20	103.04542667487546	106.50106957459977	101.4548870381855	112.9271426663108	736834.0
2018-05-21	105.9850494210564	111.70511156705014	103.6319761873124	113.70437802878156	736835.0
2018-05-22	111.3419353464621	104.76521994618307	103.61935977242692	111.34792951805977	736836.0
2018-05-23	104.6361991690872	98.81336935723479	97.17161775980213	108.35197657108142	736837.0
2018-05-24	98.81026899384324	98.58119899524371	93.04949798384865	104.58125729020688	736838.0
2018-05-25	97.99856262565996	96.27439341426025	93.07479503831725	99.80732233483805	736839.0
2018-05-26	95.10022928703609	87.18293796931884	86.76699568658705	96.6319871159056	736840.0
2018-05-27	87.11383150827805	86.89661068853168	81.72684193082698	91.65320243925939	736841.0
2018-05-28	86.8980358232517	85.00421389393884	81.0383220572585	88.6776196238957	736842.0
2018-05-29	85.17569239021952	88.60440159040375	81.25524244748428	90.55532083357939	736843.0
2018-05-30	88.38449650924586	84.98285631795018	83.23716271677444	88.56621987965497	736844.0
2018-05-31	85.10865837818882	88.38300281825012	84.0800549720948	88.64877457265558	736845.0
2018-06-01	88.4582871580087	90.82608687988052	87.79781159682923	92.76152370882221	736846.0
2018-06-02	91.26236673177804	97.00787245698544	91.12973593585029	98.52245435137141	736847.0
2018-06-03	96.5917312025203	93.32608009001783	92.46681801610835	96.71471968929335	736848.0
2018-06-04	93.96754224531236	94.73306245241862	88.70914550765735	95.8997773158421	736849.0
2018-06-05	95.21583112847362	96.22274798343508	90.23724771856119	97.36539677751814	736850.0
2018-06-06	95.46224248480125	95.05938279823738	92.1174717749286	96.50523951965995	736851.0
2018-06-07	95.58060714020719	101.76635707916891	93.88996162663797	102.2981159345468	736852.0
2018-06-08	101.30217589874162	103.13165157072639	96.77818681143826	103.34066707660412	736853.0
2018-06-09	102.99479121658737	98.2172231335431	98.2172231335431	104.1325588175628	736854.0
2018-06-10	98.33688616224646	88.18628724034816	87.49219877291696	98.33706818198004	736855.0
2018-06-11	87.98642634645906	90.30390066481131	87.35249102978094	91.12695322370885	736856.0
2018-06-12	89.78693865598615	81.82745067258686	80.76995890062024	90.10794931539019	736857.0
2018-06-13	82.69995423906744	82.23336418482837	81.07208547617012	90.03704610264029	736858.0
2018-06-14	82.25872671904048	94.7892766228521	81.53222091584036	94.81798887625537	736859.0
2018-06-15	94.59073029777863	86.76686862129978	86.36652870405513	94.82898410227054	736860.0
2018-06-16	86.1926993188764	85.9358072723534	84.19334682756536	87.82095979724808	736861.0
2018-06-17	85.85720334584954	86.89543374820536	85.61926923534057	92.26093482594463	736862.0
2018-06-18	86.4938797332227	89.1084427246679	85.02056055368517	91.20903519984348	736863.0
2018-06-19	89.15763069662064	88.55652360654571	87.51831160160513	90.39592153583042	736864.0
2018-06-20	87.85777077441304	86.57316377968888	83.75885573004243	87.86966962345466	736865.0
2018-06-21	87.05761953970199	85.99980468705544	85.3307346077275	88.3418680907682	736866.0
2018-06-22	85.65258361177385	73.78644435466406	72.1036325296833	86.45119901995818	736867.0
2018-06-23	73.76055887102821	69.37946914136327	67.09418519638052	75.21862890645947	736868.0
2018-06-24	68.61726231163007	69.86032604040358	61.38471359624346	70.94899670133869	736869.0
2018-06-25	69.85857201499205	70.78545916303534	65.51444840035667	72.00466422405646	736870.0
2018-06-26	70.0645216980368	67.27242653888311	66.00196840321578	70.7616052615865	736871.0
2018-06-27	67.02952385419314	65.45973043110439	63.47727370461158	67.4146886569033	736872.0
2018-06-28	65.10415026038172	56.556206044311345	56.44377537385174	65.38661968083562	736873.0
2018-06-29	57.01525724362343	65.87900356279916	54.64592488535219	67.70096500362737	736874.0
2018-06-30	64.4040889603568	62.60047450676251	62.17805157377375	65.14324670260538	736875.0
2018-07-01	62.84378703665392	64.12494321689826	60.4732845455575	64.91309334988196	736876.0
2018-07-02	63.74880310419624	66.07992965896528	61.69935909136951	67.68103981186691	736877.0
2018-07-03	65.64584555574953	65.43165340865514	63.80261651511509	67.06840050787429	736878.0
2018-07-04	65.07517020306234	64.57132556202248	63.40318601354923	66.76552439376391	736879.0
2018-07-05	64.89110362856324	62.35723998707276	61.51296407323087	65.45015083927814	736880.0
2018-07-06	60.67448424261808	61.44041420031409	56.96232530694324	63.71902803976105	736881.0
2018-07-07	61.98991599149438	60.907426319173794	58.734819735468925	62.20344782706816	736882.0
2018-07-08	60.261465859634804	58.31292107661426	57.96838079313913	60.81789572251542	736883.0
2018-07-09	58.719828607201755	58.30766711863659	57.1922187799647	59.41628065673191	736884.0
2018-07-10	57.57067973848174	53.90951238136767	52.79432681910368	58.17057612848383	736885.0
2018-07-11	53.917772789220436	55.239309973395734	53.596792550677414	56.144959819730225	736886.0
2018-07-12	55.243132038408355	52.994399514128325	51.81413995733307	55.47541787021985	736887.0
2018-07-14	54.028562058581116	54.43696278492091	52.68850233504582	54.575955359053275	736889.0
2018-07-15	54.46537923373712	59.87613733940038	54.209503244934446	60.371344854099526	736890.0
2018-07-16	59.87713680101087	67.686761373746	58.85634521232541	67.68676923107881	736891.0
2018-07-17	67.47052062088727	72.20781803542154	64.49599972063544	72.91749066450164	736892.0
2018-07-18	71.42651652228992	68.13458064303171	67.14091114970238	72.77366286211483	736893.0
2018-07-19	67.74225695929957	68.88290505263925	66.81038368135405	72.27763826584183	736894.0
2018-07-20	68.58784406302168	68.26898668877134	66.58558504503802	69.83890361356364	736895.0
2018-07-21	68.60010307761394	68.40757711762069	67.5550180428141	69.8028606289665	736896.0
2018-07-22	68.45165272969616	66.31164366769208	65.18479639174868	69.13376854031337	736897.0
2018-07-23	66.13241539006414	64.27843812223996	63.95687973365584	67.59062446703105	736898.0
2018-07-24	63.97446022594147	63.0441257758449	58.97240473531321	66.84615080124797	736899.0
2018-07-25	62.02649291373224	62.526051711263186	60.246381004836756	64.13687522820467	736900.0
2018-07-26	62.75542865984337	60.57216951825999	59.78829625997011	63.00133177221424	736901.0
2018-07-27	60.66229178120336	60.209224804055374	57.25316945883008	61.42000696988437	736902.0
2018-07-28	60.27579375270081	60.36181918190126	59.03483116004887	61.19814671461041	736903.0
2018-07-29	61.667769940965314	60.72420645569471	59.79216516851782	61.915054949650056	736904.0
2018-07-30	59.337126674324914	56.26655899548204	54.74663723338211	59.73496561993933	736905.0
2018-07-31	56.161187610883445	52.74551450377485	52.31440597196629	56.16135173188117	736906.0
2018-08-01	52.69016199349201	53.616405321616874	50.78725719201748	53.663669085618665	736907.0
2018-08-02	53.75243627061691	50.34178840695203	50.34090825631262	55.76240600898699	736908.0
2018-08-03	50.637399310374335	51.9869002941346	48.501367334756665	53.0172389710972	736909.0
2018-08-05	47.77183606518524	47.24096478050256	47.022931003036106	48.76700673264754	736911.0
2018-08-06	47.18524710732335	47.04303375009696	45.98375974319818	48.71741996204403	736912.0
2018-08-07	46.868167681929854	44.688933218536945	44.55611131990896	48.08660939040034	736913.0
2018-08-08	45.25948698326774	43.14955921440676	40.41177372550332	45.25950012463657	736914.0
2018-08-09	42.44286023081711	44.78470186579155	40.44404305632657	45.28679795524547	736915.0
2018-08-10	44.88513197797279	40.35197807986754	39.971815602772054	44.885211456044274	736916.0
2018-08-11	40.529074909079306	40.891457064448524	39.46844753508908	41.83876015275615	736917.0
2018-08-12	40.12861642571946	38.75111393472245	38.5791072327617	40.30994614049933	736918.0
2018-08-13	38.63563085085721	36.189882544789455	36.18952412072114	39.001349065889194	736919.0
2018-08-14	36.778837377405026	37.86418347993969	31.075699834633017	37.86577736355097	736920.0
2018-08-15	37.26820444658998	35.2175866204327	34.537320045132496	38.41032847421174	736921.0
2018-08-16	35.055742055016495	35.70590740072412	34.64850043064234	36.459847081209986	736922.0
2018-08-17	35.663615482772606	40.10560764101482	35.66173434089102	40.22850007894089	736923.0
2018-08-18	40.20966875252505	37.328256300624474	35.817029657504094	41.22665680555901	736924.0
2018-08-19	37.38616078156082	38.203071990650706	36.41738465767257	38.70645158799442	736925.0
2018-08-20	37.964168300754295	34.83563707487198	34.63663209758964	38.512244580072675	736926.0
2018-08-21	34.882790065511884	35.89561792439796	34.64514762040274	36.28488920901318	736927.0
2018-08-22	35.84894675535622	34.458310423568236	34.09874270839766	37.53353173356407	736928.0
2018-08-23	34.29914081008329	35.04173448459942	34.12867581962108	35.13588414713937	736929.0
2018-08-24	35.24653660222173	38.521471173226516	33.15980077916381	38.76694012314489	736930.0
2018-08-25	38.46209526853148	37.76261651220491	36.4965915113885	38.73609934696845	736931.0
2018-08-26	37.41877057211972	35.948156341544355	34.90581552231698	37.43902549322978	736932.0
2018-08-27	35.65695164044845	37.57048924784157	35.115114062267025	37.57114996458776	736933.0
2018-08-28	37.96731024168107	38.717112945051795	37.67330988557382	39.33882954378503	736934.0
2018-08-29	38.8823263579963	39.239669937568905	38.22140519883847	41.49344889082204	736935.0
2018-08-30	39.438454248003374	40.11931184824921	37.68731403390235	41.49214935639467	736936.0
2018-08-31	40.152205198069844	40.44540287837594	39.348029906757766	40.49282608445692	736937.0
2018-09-01	40.314033124494415	42.18231541464796	40.134638893871056	42.682661875857804	736938.0
2018-09-02	42.1715366265895	41.766265448171275	39.984522320841315	42.294515971629835	736939.0
2018-09-03	42.07910998752561	40.488891912426986	40.46040428814363	42.17418484591038	736940.0
2018-09-04	40.58723714055805	40.74825650528109	40.19982635391331	41.30604153778127	736941.0
2018-09-05	40.528583274542065	35.018608492894295	35.01859485992341	41.037330315323366	736942.0
2018-09-06	35.523751020054846	35.16685220610988	32.85555984272286	35.54268999634775	736943.0
2018-09-07	35.30593965024461	36.06016210787702	34.3154691603309	38.42752027556698	736944.0
2018-09-08	35.96829960870892	33.2313114945892	32.91148348394711	37.14392579749907	736945.0
2018-09-09	33.455157442343314	35.17851951505996	33.454898362741915	36.31540032989231	736946.0
2018-09-10	35.30244170429861	34.53545652042027	33.65512947469829	35.71922533131509	736947.0
2018-09-11	34.51616230567567	33.90117166168348	32.5104578977903	35.72713982072328	736948.0
2018-09-12	33.82476134947314	32.768761650150985	32.212380812527606	33.881481373554934	736949.0
2018-09-13	32.81984550262254	35.13309821156581	32.71597905810289	35.331343031365996	736950.0
2018-09-14	35.389724950228185	36.51116926641478	34.78946156701579	39.09005797842683	736951.0
2018-09-15	36.23623803701867	36.69237495308601	35.27701414358747	36.920340241006265	736952.0
2018-09-16	36.572661781733714	35.966288146472216	35.39729543944625	36.57293865256199	736953.0
2018-09-17	35.90986358307656	34.35742195097965	34.30977629001336	35.97633146015307	736954.0
2018-09-18	34.469732573812315	34.421970473026576	33.63476424471265	35.39920077106606	736955.0
2018-09-19	33.969683856453315	34.00810902480353	33.21995676421107	34.46746794158561	736956.0
2018-09-20	34.16569535086874	34.53177616436363	33.7236796541628	34.96518889371079	736957.0
2018-09-21	34.407535247799544	35.94340665333053	33.98653545364889	36.139902672665166	736958.0
2018-09-22	36.156882565903786	35.57352420678571	34.41009837111549	36.45730958270329	736959.0
2018-09-23	35.91022097114353	36.63671163603391	35.4855052848626	36.73120175557609	736960.0
2018-09-24	36.70926360950921	35.690863032809844	35.31371079561463	36.94512286651556	736961.0
2018-09-25	35.68038600753251	34.87802912635781	34.09466457800397	35.680532562245155	736962.0
2018-09-26	34.93820666211493	35.0607939192429	34.029201983328186	35.37367600772061	736963.0
2018-09-27	35.01604618305862	36.51746754042204	34.7990017456603	36.781836374001635	736964.0
2018-09-28	36.54945325311734	36.64379578068088	36.275525937405845	37.42785841409304	736965.0
2018-09-29	36.62266542009155	36.92500153389564	35.87602537801179	37.05732115944504	736966.0
2018-10-01	36.95312174017312	36.41602591540676	36.01035145083109	37.56638753690179	736968.0
2018-10-02	36.39861749017253	36.72926716358918	36.077196011263105	36.928059743496405	736969.0
2018-10-03	36.8234317463583	36.558352326832285	35.744363955691384	36.94642466949651	736970.0
2018-10-05	39.11216771203181	39.78547942107146	38.79958642808805	40.13594497145072	736972.0
2018-10-06	39.756952535275644	38.5271307383198	38.17605327505328	39.91777777110001	736973.0
2018-10-07	38.19283210238267	37.453866898739236	37.11690240022597	38.529829967342096	736974.0
2018-10-08	38.13889003844503	41.92974335012099	38.052726419342356	42.30103117733919	736975.0
2018-10-09	42.36880963791704	39.406443132326324	38.601114866295795	43.97991640189524	736976.0
2018-10-10	39.21319516285875	39.64380900001241	38.23694422236445	40.18986667685641	736977.0
2018-10-11	39.55085121491669	35.21823682402092	34.90259200105255	39.550860075652885	736978.0
2018-10-12	34.913603147202245	34.47701368353936	34.247788509913875	36.521523994042326	736979.0
2018-10-13	34.67572352632517	36.49360697786185	34.426615664579224	36.63749907854024	736980.0
2018-10-14	36.27916357707318	35.81906877381469	35.61788804364717	36.97869821377857	736981.0
2018-10-15	35.827649471967426	38.241888724080496	35.54874635402624	39.74650379543417	736982.0
2018-10-16	37.53120789556291	38.28282640864293	36.89483341455611	39.546190400536936	736983.0
2018-10-17	37.82126102980219	37.82010046050298	37.30599428613866	38.05925812392513	736984.0
2018-10-18	37.52016621506265	36.776407313405564	36.18925085785181	37.52225092616878	736985.0
2018-10-19	36.86680726336871	36.24222501005646	35.939863445975455	36.87752888955387	736986.0
2018-10-20	36.275800272043334	36.512501951393226	35.89710944240837	36.58080247096608	736987.0
2018-10-21	36.63987699650984	36.2602124615989	36.042208244198704	36.88828884779576	736988.0
2018-10-22	36.30968062577806	36.62261129681913	36.005705757564115	37.34587760528868	736989.0
2018-10-23	37.063380884046445	49.34534749023781	37.06334204243569	51.85036933288806	736990.0
2018-10-24	49.00488367570688	45.51519269408802	43.178213414570344	50.397833772449	736991.0
2018-10-25	45.02937559244659	41.33711020560316	41.041461001916296	45.02944268353653	736992.0
2018-10-26	41.33717948810187	41.42265590885753	40.823582718111076	42.25008444326682	736993.0
2018-10-27	41.109851697134054	40.579089760062175	40.57845838235624	41.62222943462702	736994.0
2018-10-28	40.94684646860456	42.30029911053287	39.61995384553045	44.87672935880536	736995.0
2018-10-29	41.86787678753448	37.93843806903202	37.662518999134655	41.94417950897773	736996.0
2018-10-30	37.85452743275	37.826396697262	37.57927470863233	39.09651685544705	736997.0
2018-10-31	38.03772322438227	37.7433254256763	37.32581758448028	38.18954793985542	736998.0
2018-11-01	37.73790515837593	38.20306904542518	37.57652996417256	39.23788547678667	736999.0
2018-11-02	38.36688643666449	39.97148343101552	38.2434473200584	40.06643456644396	737000.0
2018-11-03	39.96462681242023	38.474206973004485	38.19889802074893	39.98362531155825	737001.0
2018-11-04	38.366588003555115	38.32820835587019	37.034927111258675	38.442666121741766	737002.0
2018-11-05	38.26989971160286	37.47154746979708	37.13888368626139	38.56456335324048	737003.0
2018-11-06	37.787867793573156	39.21130351128086	37.63381955504654	39.212365510991965	737004.0
2018-11-07	39.01202614107605	38.90775075070516	38.67924380371647	39.75433379956793	737005.0
2018-11-08	38.78724049437082	37.09529348647339	37.09523447913459	38.920338408583575	737006.0
2018-11-09	37.29564545719485	39.02621135159134	37.23772068131137	39.15108353235544	737007.0
2018-11-10	38.7542279020825	38.52574253212361	37.52364088248615	39.19352953466895	737008.0
2018-11-11	38.508068540411216	37.44064944159208	36.89694912919712	38.66057342750945	737009.0
2018-11-12	37.695788541615826	38.11553665990608	36.96095014924589	38.64997812274812	737010.0
2018-11-13	37.90373989079279	37.161164560834365	36.855850632209055	38.132468874395705	737011.0
2018-11-14	37.06216298611567	32.92609584791684	32.18214215835967	37.44332119143975	737012.0
2018-11-15	33.01164425005339	32.74541138643669	30.587688621201455	33.315824951450466	737013.0
2018-11-16	32.78087817433632	31.344220765854008	30.564236554674117	33.04720847222989	737014.0
2018-11-17	31.470678022265922	31.175118285484338	30.650795865803264	31.63273196859296	737015.0
2018-11-18	31.361199646526778	31.973141734915824	31.073929213590386	32.4613118717603	737016.0
2018-11-19	31.921045213629476	24.659697058734707	24.65014235561801	31.92144405173239	737017.0
2018-11-20	24.199488210007623	22.450268638603877	21.13584641370244	25.150153333486294	737018.0
2018-11-21	22.807184038882415	24.83666333783391	22.255266117256237	24.847424021499876	737019.0
2018-11-22	24.556071319491426	22.86528267683426	22.864003688464237	25.017913885389465	737020.0
2018-11-23	22.848223497549416	21.798821832980426	21.165274185926197	23.008883232948875	737021.0
2018-11-24	21.77745481483424	19.31473336307986	18.861410785581633	22.06998777861941	737022.0
2018-11-25	19.344367908970806	20.24391296068204	17.553666014067375	20.90771290882598	737023.0
2018-11-26	20.395600698768668	18.678511916741297	17.843750609567767	20.813282210683983	737024.0
2018-11-27	18.679812633523966	18.774700204221503	18.063232768786765	18.993390743950282	737025.0
2018-11-28	18.809782875264556	20.612134669938843	18.809782875264556	21.959345131406295	737026.0
2018-11-29	20.70272411371143	20.50329769209061	19.85784801677495	21.18700693801906	737027.0
2018-11-30	20.462719671950303	18.79353710156067	18.302544657586118	20.60483962388141	737028.0
2018-12-01	18.756323797833968	19.423311799793943	18.455198999793545	20.02509408597805	737029.0
2018-12-02	19.482333106164685	19.416005590569977	19.180396801422173	20.217796843138853	737030.0
2018-12-03	19.388682236265787	18.154487510721584	17.890685878101607	19.3893526185603	737031.0
2018-12-04	18.15323502442541	18.606052343638567	17.973915293274935	19.25734597472929	737032.0
2018-12-05	18.519124590659676	17.66530012644393	17.542737106067182	18.660136814083053	737033.0
2018-12-06	17.657483304872724	17.131483193414347	17.102805092018674	18.456090791351272	737034.0
2018-12-07	17.21648984247393	16.271794984520117	14.69482027967857	17.216495260627916	737035.0
2018-12-08	16.225510504268104	16.14069426336439	15.414334377492311	16.5747764192179	737036.0
2018-12-09	16.024542706681043	16.52211791834151	15.89312646509374	16.916381004961277	737037.0
2018-12-10	16.373767095241465	14.618009417059543	14.580533052384254	16.54189589630758	737038.0
2018-12-11	14.513174824087725	13.741495723907919	13.573576888646553	14.550840725026731	737039.0
2018-12-12	13.761632687999038	13.910750650469144	13.509065407894266	14.350228238213615	737040.0
2018-12-13	13.900126078035798	13.554917550979557	13.256431409334763	13.965681277233468	737041.0
2018-12-14	13.575357034635962	14.051809872589375	13.463209440614442	15.434304455038411	737042.0
2018-12-15	14.297877977691146	13.74087766943191	13.523528270327251	14.382987569138354	737043.0
2018-12-16	13.705232289522684	14.214139224049188	13.6581039047809	14.562874596409364	737044.0
2018-12-17	14.210579030570239	15.143015569257923	14.097503580739671	15.303080915589083	737045.0
2018-12-18	15.173202734453609	17.24908075246667	15.078958696886566	17.277462510927894	737046.0
2018-12-19	17.421947144197876	17.26165469230874	17.025984966369776	17.91222831447254	737047.0
2018-12-20	17.2482348737444	18.62600899865105	16.57841054770962	18.77718169503588	737048.0
2018-12-21	18.514963253768734	17.030269553643922	16.955000056317157	18.77815122919131	737049.0
2018-12-22	17.074019868190938	17.686127464788186	16.904483161288262	17.742844459564502	737050.0
2018-12-23	17.795190577636834	18.17277874905806	17.700580671073503	18.437409491996387	737051.0
2018-12-24	18.017598493519497	18.458038019258083	18.017598493519497	20.021834876077396	737052.0
2018-12-25	18.45912039945644	16.795603415239942	16.08537546241873	18.496516627276197	737053.0
2018-12-26	16.918575018225543	16.937470334998665	16.420592034309514	17.247464979076707	737054.0
2018-12-27	16.90882053442042	15.358132582029658	15.358111913980153	16.97462002972803	737055.0
2018-12-28	15.488119034052083	18.876792645960474	15.298811586411055	20.381719285907927	737056.0
2018-12-29	18.80730420561014	17.167265037379472	17.14832918170746	19.570811362633396	737057.0
2018-12-30	17.23753550188333	17.672408259633468	17.000818370386273	18.334820528621087	737058.0
2018-12-31	17.503941173703048	15.54522079730968	15.526131538517895	17.813604752463295	737059.0
2019-01-01	15.630750436706007	16.42030906530897	15.517577840760511	16.52402180914106	737060.0
2019-01-02	16.473934103914193	17.310558304735164	16.35173133474486	17.348163161405125	737061.0
2019-01-03	17.347273206566413	17.186777519790777	17.017193295137954	17.874919695903458	737062.0
2019-01-04	17.208476633073055	17.500737391509077	16.81247262773667	17.538677485565664	737063.0
2019-01-05	17.504628441546632	17.476252731856125	17.306148242011147	17.91118290279478	737064.0
2019-01-06	17.45115626004644	18.527127467761982	17.36621148258779	18.66905257841933	737065.0
2019-01-07	18.447067346220198	17.912189256518655	17.667606939843655	18.51327038272355	737066.0
2019-01-08	17.918855126107758	17.252910719024307	17.186913224234523	18.050273933755665	737067.0
2019-01-09	17.292731414087097	17.856332100415294	17.254934852202283	17.99748897835967	737068.0
2019-01-10	17.80360938913073	15.43586571649712	15.201628772672121	18.094022862043328	737069.0
2019-01-11	15.466472320429238	16.02986128510101	15.419225883821222	16.490427573677668	737070.0
2019-01-12	16.083229696420187	16.50717072445265	15.61175223340506	16.573583288367207	737071.0
2019-01-13	16.431026835377754	15.267788117255195	15.239560112944828	16.4313811498006	737072.0
2019-01-14	15.271783749602019	15.628473965410185	14.596033178915295	15.72256536318592	737073.0
2019-01-15	15.452325357822648	15.331905649211182	15.248027752853984	15.610508615715604	737074.0
2019-01-16	15.338444857388778	15.813132534167398	15.217244568265942	15.850538633038486	737075.0
2019-01-17	15.806049287240365	16.13167938860189	15.517797789120442	16.150297798274135	737076.0
2019-01-18	16.097094131564457	15.985747655593865	15.660865256199854	16.106495249530937	737077.0
2019-01-19	16.056353587230586	16.41923479873696	15.842305702642964	16.558837928515157	737078.0
2019-01-20	16.365300548216506	15.446479559968305	15.381333791154747	16.448926306929817	737079.0
2019-01-21	15.633428042895082	16.027848629246364	15.529987880538904	16.02798356464203	737080.0
2019-01-22	16.027723356195803	16.215518357014165	15.595830709182554	16.45961592199072	737081.0
2019-01-23	16.198878569237056	16.208277289356918	15.973759340342683	16.386497966640974	737082.0
2019-01-24	16.221524275716607	16.34355995119141	15.939905178993559	16.381185869466815	737083.0
2019-01-25	16.367783100684548	16.011919383062416	15.861922128999865	16.50835231572586	737084.0
2019-01-26	16.017381929689343	16.120433563778306	15.81136188184513	16.20475486447831	737085.0
2019-01-27	16.148844829114164	16.026450445382988	15.79178259886813	16.374125705274576	737086.0
2019-01-28	16.02913499680595	15.522059900936855	14.71467289418506	16.076083173434462	737087.0
2019-01-29	15.484159618275733	15.091589174781573	14.726443112231593	15.503182405623987	737088.0
2019-01-30	15.094988188217231	15.329646778292181	14.888487322681693	15.395387252808849	737089.0
2019-01-31	15.302905271210287	14.787112589549192	14.702693309164841	15.415437267282055	737090.0
2019-02-01	14.785553765019573	14.907468830116184	14.579165360837731	15.104463756346167	737091.0
2019-02-02	14.853438677135866	14.863024641078567	14.75005167866728	14.966088642430977	737092.0
2019-02-03	14.915638802731658	14.953439089213902	14.653197892307185	15.150386157411953	737093.0
2019-02-04	14.99785222417623	14.782459630351902	14.697954759543252	15.063435568704328	737094.0
2019-02-05	14.713171244122533	14.881749200828738	14.713011899930834	15.003316253635314	737095.0
2019-02-06	14.923390324476784	13.996950580130287	13.903406520423554	14.923390324476784	737096.0
2019-02-07	13.981154019599929	14.186901113337434	13.943799764791118	14.50437658948449	737097.0
2019-02-08	14.241143722829792	15.543911957755505	14.194001546788977	15.750521186419784	737098.0
2019-02-09	15.501052781946093	15.538708284258357	15.36957818172996	15.68879282068378	737099.0
2019-02-10	15.613148042178445	16.054641562385264	15.41559231221398	16.05481894344104	737100.0
2019-02-11	16.038645215526415	15.681656241080402	15.606491172797675	16.038645215526415	737101.0
2019-02-12	15.71021751999254	15.813587097228693	15.550127975091124	15.888990364855209	737102.0
2019-02-13	15.849670344745256	15.802316450617235	15.679822184849204	16.047685448965336	737103.0
2019-02-14	15.734489403858444	15.65984835516699	15.612471834867602	15.810060773567688	737104.0
2019-02-15	15.675312624146681	15.694073678730721	15.618499194406475	15.806808376358303	737105.0
2019-02-16	15.695622213191648	15.686269055765184	15.601345162164408	15.873982213474186	737106.0
2019-02-17	15.726577593686827	16.056093085411035	15.594054450296568	16.113054557304558	737107.0
2019-02-18	16.027234776265793	16.71286926929897	15.839549803694823	16.86310760842827	737108.0
2019-02-19	17.088713167787585	16.442535124792748	16.132892902302675	17.08882459555978	737109.0
2019-02-20	16.474278532193935	16.201988205604575	16.08927089182533	16.568155048554196	737110.0
2019-02-21	16.31291299935423	15.749637115435199	15.589555884337441	16.341107346329643	737111.0
2019-02-22	15.746078005527332	16.3000053822673	15.745422745600038	16.310155933218322	737112.0
2019-02-23	16.203515911283585	16.76537335273355	16.109944497793226	16.830877772474615	737113.0
2019-02-24	16.83164638749984	15.179992042442667	15.095570407065352	17.24443903719228	737114.0
2019-02-25	15.085392118848663	15.403556916429416	15.057281662468878	15.525209682153548	737115.0
2019-02-26	15.484394765519555	15.880091345263788	15.399030710964912	16.106651777841243	737116.0
2019-02-27	15.874668485408353	15.7521957595475	15.403364600692665	15.978727784646223	737117.0
2019-02-28	15.752797119244002	15.752679742512486	15.677223518670848	15.969747593014088	737118.0
2019-03-01	15.75584486246001	15.699193111564444	15.652001824699285	15.963395652728206	737119.0
2019-03-02	15.701762253709667	16.079752586453246	15.701661477937876	16.09873350834503	737120.0
2019-03-03	15.875894649500408	15.587094808333015	15.539067883363774	15.96124871670084	737121.0
2019-03-04	15.726721394563052	15.2630218207168	15.036355036088516	15.755097803519636	737122.0
2019-03-05	15.440392770169531	16.19414258702373	15.296386303708697	16.20444467760137	737123.0
2019-03-06	16.079683385433615	15.89969117491992	15.85214881999072	16.09912202852451	737124.0
2019-03-07	15.675091533879502	15.275897605714599	15.069033897562313	15.872660731083782	737125.0
2019-03-08	15.497358529946137	15.345299436360387	15.250747309270235	15.686495418427807	737126.0
2019-03-09	15.33738192878028	15.743976803287525	15.299563362459926	15.866902208012702	737127.0
2019-03-10	15.824948303569489	16.081326165826713	15.748917421156928	16.1004300285827	737128.0
2019-03-11	16.0987659608444	16.003815439637084	15.462499340073524	16.251427829277077	737129.0
2019-03-12	15.969467696524923	17.67205993153625	15.68583265178926	22.304113340191208	737130.0
2019-03-13	17.548615853519976	17.445453512012797	16.872314520193818	18.308663140372406	737131.0
2019-03-14	17.45065822453327	18.286378041144854	17.262152123548624	20.974096321099037	737132.0
2019-03-15	18.340570513596823	18.680188830808255	18.000923111614405	18.7935770952973	737133.0
2019-03-16	18.499833999175923	18.218961956532794	18.01277637129495	18.64985612089665	737134.0
2019-03-17	18.15920186812621	18.411337393736325	17.95360536639237	18.52353732555717	737135.0
2019-03-18	18.464340955087714	18.22117470379118	17.874947117599824	18.66109394329383	737136.0
2019-03-19	18.248351083006497	17.995480270990264	17.93921038170349	18.304646347447807	737137.0
2019-03-20	18.067365668746103	18.048557415043916	17.654604880529273	18.15191005452925	737138.0
2019-03-21	18.055092052970895	17.61454058927185	17.34271604216173	18.139457229176784	737139.0
2019-03-22	17.557214375298713	17.678557330942436	17.173319716525278	17.772551019375218	737140.0
2019-03-23	17.67037508412029	17.745383841964948	17.50173448347953	17.960844634534254	737141.0
2019-03-24	17.78046229716297	17.630477787109125	17.536682585814905	17.78062186130182	737142.0
2019-03-25	17.67600662480481	18.005252647315423	17.628789065953306	18.23150435292594	737143.0
2019-03-26	18.010725607210563	17.653071192440645	17.31405030418355	18.199586125519858	737144.0
2019-03-27	17.718773418858586	18.48442299502466	17.680772834333645	18.541395604943606	737145.0
2019-03-28	18.454685030679684	18.643586098960245	18.29419437873434	18.653292672385174	737146.0
2019-03-29	18.60019873528771	18.52477240608601	18.213476249899593	18.65684049453513	737147.0
2019-03-30	18.527932921460422	18.35743654676848	18.139780492411102	19.530967093020834	737148.0
2019-03-31	18.431839932611354	19.248791123647784	18.37463957165756	19.305891816134665	737149.0
2019-04-01	19.169908499795785	18.924181233794286	18.84835294863551	19.406584474557306	737150.0
2019-04-02	18.886801512932948	21.860062276766836	18.85846217470047	21.935620899078728	737151.0
2019-04-03	22.01159855542876	22.70482118854786	21.982834067720162	23.98750144788259	737152.0
2019-04-04	22.74615434204215	22.27068372387174	21.861782024415987	23.079160960674624	737153.0
2019-04-05	22.297605666093737	24.26679883858206	22.221471883346506	24.32389910638384	737154.0
2019-04-06	24.357450529971405	23.871126561694958	23.642306366027526	25.110542805967476	737155.0
2019-04-07	23.83798872574136	24.552628594266427	23.78080381605945	24.8193958638758	737156.0
2019-04-08	24.58303052304148	24.74497435289014	24.154427323785285	25.535646170670187	737157.0
2019-04-09	24.75832879238855	24.215126817685153	24.10077339299592	24.77739690252346	737158.0
2019-04-10	24.31305506441301	24.600552774363177	23.967803668365494	24.80203422070513	737159.0
2019-04-11	24.566283931450926	22.966875382666345	21.63562524589074	24.575895297916563	737160.0
2019-04-12	22.973931692042598	23.04098920572085	22.207165931896224	23.242280907845718	737161.0
2019-04-13	22.991194765222275	23.4130444695615	22.914480927772217	23.58561690006747	737162.0
2019-04-14	23.299031616228465	24.08143742261285	23.24177292360235	24.463095166407633	737163.0
2019-04-15	24.044984163611527	22.9780777347031	22.739906461357897	24.407011194068946	737164.0
2019-04-16	22.959699669940687	23.387395511187037	22.170984936752337	23.463417924998026	737165.0
2019-04-17	23.39327983319279	23.593090759603633	23.088837641325387	23.6502060958992	737166.0
2019-04-18	23.567747562151503	23.824401635695967	23.03533238123581	24.043125933347945	737167.0
2019-04-19	23.71206099177947	23.684145251804125	23.47549280460175	24.195204042703033	737168.0
2019-04-20	23.746624128697434	24.17265320001983	23.66137732490058	24.248460075025438	737169.0
2019-04-21	24.224718313354394	24.149005042580846	23.627882215190006	24.518523701744343	737170.0
2019-04-22	24.22667439235758	24.445304223518818	23.98833597763026	24.550410336797405	737171.0
2019-04-23	24.398514779559243	23.942132721353783	23.8279744693907	25.09262400282332	737172.0
2019-04-24	23.6645302184763	23.731385324298305	22.59147974293177	24.559691001817743	737173.0
2019-04-25	23.815601758496317	21.783371502050827	21.480951851918082	23.91956662819095	737174.0
2019-04-26	21.82886932004224	21.69629502793256	21.34585594826952	22.595973799007684	737175.0
2019-04-27	21.707362413420487	21.934609552001362	21.51803464406159	22.14291026920099	737176.0
2019-04-28	21.991334399133557	22.901290744752302	21.934220346245617	23.176186171392533	737177.0
2019-04-29	22.91075002684226	21.870707018227904	21.68156840968678	23.071559438409796	737178.0
2019-04-30	21.840878628786903	22.293932950795288	21.510559765835595	22.511021752771022	737179.0
2019-05-01	22.4064486251571	23.089164445884098	22.377711377580773	23.08944696714237	737180.0
2019-05-02	22.95089499979871	23.424157825384295	22.922333070861672	23.54714382354124	737181.0
2019-05-03	23.58425585422016	24.952868839694318	23.43163397864394	25.32375844726327	737182.0
2019-05-04	25.021551860776075	25.0214059863548	24.315953322818434	25.583952760802156	737183.0
2019-05-05	24.991827838935198	24.94443421065045	24.14549076354528	25.2678284682673	737184.0
2019-05-06	25.067682917600102	24.68628508287544	23.742713863426737	25.16299344954516	737185.0
2019-05-07	24.713030882641252	24.312735164374665	24.312687715740417	25.732875253895575	737186.0
2019-05-08	24.228704215842075	24.25740296518318	23.7535942115593	24.45697346435859	737187.0
2019-05-09	24.22284567394149	24.393738195027705	24.04242915963646	24.725808421693937	737188.0
2019-05-10	24.320642742799937	24.32066274742378	24.235184690490502	24.87091226906494	737189.0
2019-05-11	24.410493787734893	27.820038830885192	24.010461937270748	28.934313439527923	737190.0
2019-05-12	27.656185723073985	25.381757642139362	25.10677095584134	28.149131728910785	737191.0
2019-05-13	25.53550551572908	27.346895523616613	25.287352014191576	27.957342305745776	737192.0
2019-05-14	27.414092813153307	27.25182996101171	25.219472271847227	38.09100420700828	737193.0
2019-05-15	27.113977778842546	31.75964631221108	27.113939089734753	32.17782667475043	737194.0
2019-05-16	31.69383142085708	29.363464321947845	29.058944875516207	33.29185835587685	737195.0
2019-05-17	29.240450123434613	27.073545018111716	25.663419599073084	29.25950781030328	737196.0
2019-05-18	27.114849654165777	27.399089907572193	26.934698618609037	27.81619570846929	737197.0
2019-05-19	27.338211575322102	28.664491273503888	27.290781207370724	30.350549104734075	737198.0
2019-05-20	28.519035355964444	27.719435039776037	26.542969885203384	28.528619293304438	737199.0
2019-05-21	27.752604831494164	27.903368573087203	27.271522190854494	28.31837735421444	737200.0
2019-05-22	28.164535628853805	26.878082502483803	26.782794317834142	28.355140821880443	737201.0
2019-05-23	26.863732775621447	26.208208976841306	24.48813895091188	26.863869803710166	737202.0
2019-05-24	26.246211750935245	26.49350117349206	25.865655397463822	27.4638213472491	737203.0
2019-05-25	26.51072164715203	26.805789908506163	26.396482633974617	27.17705582955543	737204.0
2019-05-26	26.500942241630554	26.924858314034495	25.710143456964015	26.924919263402174	737205.0
2019-05-27	27.046126066954432	27.71734171325236	26.582601378676635	28.33217745063629	737206.0
2019-05-28	27.616422594327904	26.618578697775696	26.33594963427296	27.616603628887397	737207.0
2019-05-29	26.828211865675225	26.91353023363788	26.002131961300133	27.207992596564946	737208.0
2019-05-30	27.025547148317955	26.454133345115938	26.092270392461753	30.034606106934014	737209.0
2019-05-31	26.44153292647469	26.860360267029115	25.841914565946666	27.069893487817673	737210.0
2019-06-01	26.91498262166667	27.01970410982188	26.81023758852575	27.828978583190985	737211.0
2019-06-02	26.89347762878896	27.623249238030198	26.855529400962183	27.784400631172712	737212.0
2019-06-03	27.560512776262456	25.449951358684395	25.364648117339925	27.60783320615817	737213.0
2019-06-04	25.39207894505852	23.993505194814308	23.577560362043513	25.410994726571374	737214.0
2019-06-05	24.03246979061905	24.72312805144297	24.02292979737699	25.19626563411954	737215.0
2019-06-06	24.780869767775318	24.344968749819998	23.283545357902373	24.99885709362439	737216.0
2019-06-07	24.396036467509884	25.623755730180854	24.12935121061306	25.728585356044764	737217.0
2019-06-08	25.58371117772805	25.232184515777984	24.69987903402714	26.17302052261299	737218.0
2019-06-09	25.25050622993072	25.48822809918285	24.68927581438406	26.21103875568502	737219.0
2019-06-10	25.445186544043448	26.282234151806648	24.788846025935932	26.282290941836326	737220.0
2019-06-11	26.179720931237522	26.634474451918425	25.374639698991956	26.81466297998249	737221.0
2019-06-12	26.528964848398147	26.576414449707276	26.123303419402568	27.189660830373995	737222.0
2019-06-13	26.936968999490198	26.898282272992994	26.592198085813784	27.281328902548488	737223.0
2019-06-14	26.684225753321794	25.43263281505785	23.734235818408457	26.836505874092847	737224.0
2019-06-15	25.490744365559344	26.460455749400957	25.19598960494041	26.57456878266032	737225.0
2019-06-16	26.441691543634118	26.60331257125977	26.11854501260927	28.219030515287404	737226.0
2019-06-17	26.75021567868937	27.88636529789114	26.654425051509797	28.27823638179362	737227.0
2019-06-18	27.882514857157528	27.58627279135069	27.30914908901797	28.312750210650883	737228.0
2019-06-19	27.545461334553423	27.144950125815285	26.715708532618105	27.860379478075032	737229.0
2019-06-20	27.239841976058162	28.10109825668959	26.19636095191175	28.10135328974304	737230.0
2019-06-21	28.316017744726512	28.807498530174716	27.901243155466343	28.89453894978935	737231.0
2019-06-22	28.571910436524753	29.50019857580767	27.7782618550833	29.987931162088902	737232.0
2019-06-23	29.627939650627734	33.093642881626174	28.667913403742276	33.19930787470193	737233.0
2019-06-24	33.0199871725779	31.2479270825304	30.864291206256553	33.24033677580589	737234.0
2019-06-25	31.227685911953248	30.805486514067347	29.7978015261112	31.50609502830599	737235.0
2019-06-26	30.836493606064145	33.536586988191324	30.509784431049063	36.0733293595212	737236.0
2019-06-27	33.719940718088914	29.905394210411007	28.35071078355028	35.77666103777361	737237.0
2019-06-28	29.954931234533507	32.66889528081519	29.472049585387285	32.765523906074606	737238.0
2019-06-29	32.75246300325325	33.95282456178928	31.07752228044807	34.223969728770044	737239.0
2019-06-30	33.95949044611768	29.570247583314526	29.192397583018742	34.61830835905041	737240.0
2019-07-01	29.49212401925931	28.495528336199282	27.198973813921146	30.595203176171555	737241.0
2019-07-02	28.515469386187714	28.27348158605718	25.63110182923608	28.709056477120765	737242.0
2019-07-03	28.401082254909838	31.034964985475607	28.400932638917563	31.03533127267364	737243.0
2019-07-04	31.00540235713523	29.694093631317855	29.674651689553613	31.306531670893445	737244.0
2019-07-05	29.549633363389106	28.736657374470855	28.339758180213057	29.791692779108278	737245.0
2019-07-06	28.694757574561944	29.236372641047808	28.675411506854566	30.15514094275345	737246.0
2019-07-07	29.216825796659492	30.689246504732665	29.06182074311758	31.06704381736413	737247.0
2019-07-08	30.64562400017737	31.410608654924534	29.687056588759997	31.594587403503144	737248.0
2019-07-09	31.437521106804624	32.37806725489084	31.24354866136326	32.95992925537412	737249.0
2019-07-10	32.39704343555785	31.582762074716864	30.681229506963533	34.68497951329124	737250.0
2019-07-11	31.42684558597252	29.00595100526064	28.47519709090595	31.513889481055486	737251.0
2019-07-12	29.320336126965884	30.48287322951675	28.806634299595192	31.25820085612342	737252.0
2019-07-13	30.48743410348772	29.886791640711984	28.830603334506456	30.74914887726185	737253.0
2019-07-14	29.966290606888283	27.62375454818767	27.254379385776197	30.500873770829287	737254.0
2019-07-15	27.415860351808966	29.29804285394434	26.34872025630738	29.734603051570808	737255.0
2019-07-16	29.246788048147828	25.46837167207114	25.468358105115215	29.45079238701256	737256.0
2019-07-17	25.599432609910686	27.17734732680558	25.25837543506488	28.414526715465858	737257.0
2019-07-18	27.188346049730033	28.445017498057876	25.717409281967967	28.91259933826506	737258.0
2019-07-19	28.485859252140216	28.154103546917728	27.52976010672961	28.846807103535166	737259.0
2019-07-20	28.091528707253637	28.977456868077105	27.935787863638367	29.47388462582911	737260.0
2019-07-21	29.013337614147655	28.886760807487033	27.961851966376763	29.49039209351844	737261.0
2019-07-22	28.837189079399536	28.06860576604447	27.630794615989892	28.944235972094493	737262.0
2019-07-23	28.075738405156862	27.229693807051707	26.94767880454411	28.1146734038037	737263.0
2019-07-24	27.217348929115623	26.64385715456641	26.07036438970926	27.227069092716654	737264.0
2019-07-25	26.68950975264013	26.367824970660447	26.17294200004759	27.264406849529237	737265.0
2019-07-26	26.342236530492798	26.030497247817806	25.689526608693697	26.342245799097928	737266.0
2019-07-27	26.02125760314821	24.99871227080448	24.852632214135735	27.32626628732203	737267.0
2019-07-28	24.99608404017708	25.15194045011578	24.31420438030858	25.307800631221536	737268.0
2019-07-29	25.15744472609689	24.91395482255609	24.738637727935362	25.498325581330878	737269.0
2019-07-30	24.904861094301193	24.534903398030966	24.42779841695483	25.177471836270826	737270.0
2019-07-31	24.583809049366245	26.242833723694318	24.554498447863594	26.242986024861324	737271.0
2019-08-01	26.254358236054337	27.192333411485247	25.961207812688702	27.211890612570155	737272.0
2019-08-02	27.158016222662518	27.675126716281664	26.680024480330157	27.675128883472997	737273.0
2019-08-03	27.664122907326075	27.439863375049292	27.25457974407853	28.1224385828176	737274.0
2019-08-04	27.447454597584237	27.691295903606324	26.95976835228672	27.798587943787822	737275.0
2019-08-05	27.817472894983055	30.43076317320672	27.81741336078967	31.282365654434116	737276.0
2019-08-06	30.456564276455577	30.36845157157018	29.898536428163847	32.07189657280901	737277.0
2019-08-07	30.17026396261539	29.36262883858479	29.34302835773693	31.630335715170297	737278.0
2019-08-08	29.319916951277545	26.746339212155977	25.969408765283173	29.319919595979066	737279.0
2019-08-09	26.767558157511303	26.27201336519733	25.56275953271614	26.806425659839494	737280.0
2019-08-10	26.2974089113908	26.42381387451914	25.704152012089587	27.075480355268397	737281.0
2019-08-11	26.44401971191709	27.05716060883499	25.986566111212017	27.261560100624674	737282.0
2019-08-12	27.07236997493603	26.614849842420977	26.546687794431048	27.17946567044383	737283.0
2019-08-13	26.61928897460229	25.58759774303844	25.392940994771433	26.78475562394698	737284.0
2019-08-14	25.604951662561525	25.196038102274454	24.426920483225274	25.78993024796738	737285.0
2019-08-15	25.14653180344765	24.64129112870636	23.251818623006386	25.49635251836296	737286.0
2019-08-16	24.641529139371098	24.719282751529214	23.592032403763906	24.923427416440045	737287.0
2019-08-17	24.67800377174574	24.552032565428608	24.193058671291503	25.201724950517615	737288.0
2019-08-18	24.67186964958653	25.110221563599854	24.428147887227155	25.25650098423769	737289.0
2019-08-19	24.939575393518425	25.704220993731273	24.85247463259262	25.76228675006376	737290.0
2019-08-20	25.836287189973763	25.7291346794764	25.26185817772406	26.1380622424202	737291.0
2019-08-21	25.722226885976788	24.184548622875834	23.532498441754857	25.809816322023295	737292.0
2019-08-22	24.160585996709788	24.11198579124739	23.188344059486123	25.725940925215358	737293.0
2019-08-23	24.103254660580397	24.443424114109025	24.064377864865655	25.40559334864696	737294.0
2019-08-24	24.41918649575731	23.94324514701824	23.690701812206598	24.700868082772608	737295.0
2019-08-25	23.975774477627787	23.86891332638733	23.781482254091422	24.45179601597962	737296.0
2019-08-26	23.86967528760648	24.248846146603725	23.72381692996166	24.316921116064634	737297.0
2019-08-27	24.257012714003476	23.546422494376493	23.410143804280477	24.34461848123179	737298.0
2019-08-28	23.80029254396084	22.796269105285948	22.67815392692925	24.115265318320308	737299.0
2019-08-29	22.667529080046407	22.197363907984364	21.697731709733926	22.71654081183395	737300.0
2019-08-30	22.34273549203572	22.618793780498454	22.11593715817327	22.776573939682258	737301.0
2019-08-31	22.637743204312457	22.549007251138356	22.302517065388162	22.86451336601812	737302.0
2019-09-01	22.51567046689392	23.607997429343605	22.495985937003343	23.80481154912128	737303.0
2019-09-02	23.65649064225971	24.54396548554373	23.222604150100196	24.691885318094744	737304.0
2019-09-03	24.54455646607419	25.244973578719605	24.248594565384806	25.560663072078835	737305.0
2019-09-04	25.24616902827441	24.506539519847653	24.39805959057691	25.265892884948627	737306.0
2019-09-05	24.504289543925147	24.356377580670223	24.11971805071831	24.612758812698434	737307.0
2019-09-06	24.370877393875134	23.67033985657149	23.49273955066364	24.893811770687915	737308.0
2019-09-07	23.56802066166776	23.941382983853615	23.381363904515926	24.245928436682323	737309.0
2019-09-08	23.89787075497487	24.487224222982714	23.8978703977012	24.870296140190952	737310.0
2019-09-09	24.461276404805293	23.754248144182313	23.665870131976902	24.638032074768287	737311.0
2019-09-10	23.750286384826513	22.48479780105851	22.327833053114226	23.809153713730204	737312.0
2019-09-11	22.52989264376173	22.18660146663689	21.71580314314655	22.706443672742367	737313.0
2019-09-12	22.23194109877726	22.998514760345955	21.72082768942575	23.00838007006077	737314.0
2019-09-13	22.9545196713994	22.768005443635612	22.473440114009417	23.111635159674673	737315.0
2019-09-14	22.859068042876412	22.859034613047733	22.632317085131817	23.01678470590924	737316.0
2019-09-15	22.868681078138255	22.523680342213456	22.37582317144766	22.996824045898734	737317.0
2019-09-16	22.440933250191524	21.652848361220126	21.485379614232425	22.56899849114074	737318.0
2019-09-17	21.652802115004942	21.958187041343486	21.426227956225272	22.243867663350393	737319.0
2019-09-18	22.03072551707579	22.730877726568792	21.71514487675105	22.86895927544036	737320.0
2019-09-19	22.71289200285966	23.146832787474203	21.815423872226603	23.15669927797692	737321.0
2019-09-20	23.047445309371	22.72330510680691	22.28116598278722	23.11626951021264	737322.0
2019-09-21	22.668395229135825	22.001745415614835	21.932969721166412	22.82532968692476	737323.0
2019-09-22	21.99701423570874	21.800966554510318	21.61471632580097	22.026423387510853	737324.0
2019-09-23	21.87776071305415	20.324124170972745	20.324124166164175	21.887593309772285	737325.0
2019-09-24	20.31018571205493	17.512513631079912	17.512510343186584	20.64394233359122	737326.0
2019-09-25	17.495094101580023	17.0339248668282	16.47463525622993	17.740398368464284	737327.0
2019-09-26	17.08589749073939	16.583941087880014	16.05247034700448	17.302421991436894	737328.0
2019-09-27	16.576082813953015	17.274955999842206	16.487493159876255	17.2946427885084	737329.0
2019-09-28	17.29912965957591	17.74219037279096	17.210514098843486	17.811111366210827	737330.0
2019-09-29	17.73756683706474	17.40270524416029	17.048151511248328	18.151210499461673	737331.0
2019-09-30	17.390871342278327	17.174350061314815	16.101567859019042	17.44008568610888	737332.0
2019-10-01	17.046089117792114	17.046436315790057	16.840918993092064	17.495534207265766	737333.0
2019-10-02	17.21934888763718	17.022019758178132	16.805047392004976	17.406728799446277	737334.0
